baker,series,episode,source,baker_age,baker_occupation,hometown,signature_bake,show_stopper,technical,result
"""Jo""",2,1,bakes,NA,NA,NA,Chocolate Orange CupcakesOrange and Cardamom Cupcakes,Chocolate and Strawberry Cake,NA,NA
"""Jo""",2,2,bakes,NA,NA,NA,"Caramelised Onion, Gruyere and Thyme Quiche",Raspberry and Mascarpone Tarts with Lemon and Almond PastryHoney and Almond Tarts with Sweetcrust,NA,NA
"""Jo""",2,3,bakes,NA,NA,NA,"Stromboli flavored with Mozzarella, Ham, and Picante Pepper",Unknown,NA,NA
"""Jo""",2,4,bakes,NA,NA,NA,Lavender Biscuits,Blueberry MacaronsCoconut MacaronsStrawberry Macarons,NA,NA
"""Jo""",2,5,bakes,NA,NA,NA,Salmon and Asparagus Pie,Apple and Raspberry Meringue Pie,NA,NA
"""Jo""",2,6,bakes,NA,NA,NA,Rum and Raisin Baked Cheesecake,Limoncello and White Chocolate Croquembouche,NA,NA
"""Jo""",2,7,bakes,NA,NA,NA,Raspberry & Strawberry Mousse Cake,Pain Aux RaisinChocolate TwistsBanana and Raisin Pastries,NA,NA
"""Jo""",2,8,bakes,NA,NA,NA,Raspberry and Blueberry Mille Feuille,"Mini Victoria SandwichesRaspberry, White Chocolate and Pistachio Mini MeringuesMini Banoffee Pie with Banana Mousse",NA,NA
Ali,4,1,bakes,NA,NA,NA,Rose and Pistachio Cake,"Chocolate, Raspberry and Passion Fruit Engagement Cake",11,IN
Ali,4,2,bakes,NA,NA,NA,Italian Grissini,Sweet and Savoury Yin Yang Bread,9,IN
Ali,4,3,bakes,NA,NA,NA,"Coconut, Raspberry and Lemon Meringue Trifle",Vanilla Latte Mini CakesLime & Mint Shortbread Pops,5,IN
Ali,4,4,bakes,NA,NA,NA,Apple and Ginger Pie with a Pecan and Walnut Shortcrust Pastry,"Orange, Cardamom and Date M'Hanncha",8,OUT
Ali,4,5,NA,NA,NA,NA,NA,NA,NA,NA
Ali,4,6,NA,NA,NA,NA,NA,NA,NA,NA
Ali,4,7,NA,NA,NA,NA,NA,NA,NA,NA
Ali,4,8,NA,NA,NA,NA,NA,NA,NA,NA
Ali,4,9,NA,NA,NA,NA,NA,NA,NA,NA
Ali,4,10,NA,NA,NA,NA,NA,NA,NA,NA
Ali,4,NA,bakers,25,Charity worker,"Saltley, Birmingham",NA,NA,NA,NA
Alice,10,1,NA,NA,NA,NA,NA,NA,5,IN
Alice,10,2,NA,NA,NA,NA,NA,NA,1,STAR BAKER
Alice,10,3,NA,NA,NA,NA,NA,NA,7,IN
Alice,10,4,NA,NA,NA,NA,NA,NA,8,IN
Alice,10,5,NA,NA,NA,NA,NA,NA,6,IN
Alice,10,6,NA,NA,NA,NA,NA,NA,1,IN
Alice,10,7,NA,NA,NA,NA,NA,NA,6,IN
Alice,10,8,NA,NA,NA,NA,NA,NA,3,IN
Alice,10,9,NA,NA,NA,NA,NA,NA,4,STAR BAKER
Alice,10,10,NA,NA,NA,NA,NA,NA,2,Runner-up
Alice,10,NA,bakers,28,Geography teacher,Essex,NA,NA,NA,NA
Alvin,6,1,bakes,NA,NA,NA,Orange Vanilla and Fig Madeira Cake,Black Forest Gâteau,2,IN
Alvin,6,2,bakes,NA,NA,NA,"Jackfruit, Pistachio and Macadamia Biscotti",Gingerbread Box filled with Brandy Snaps,6,IN
Alvin,6,3,bakes,NA,NA,NA,"Prosciutto, Manchego and Balsamic Onion Soda Breads",Cornucopia,4,IN
Alvin,6,4,bakes,NA,NA,NA,Blackberry Crème Brûlées,Tower of Fruits Cheesecakes,9,IN
Alvin,6,5,bakes,NA,NA,NA,Pineapple Upside Down Cake,"Buko Pandan, Mango and Passion Fruit Ice Cream Roll",8,IN
Alvin,6,6,bakes,NA,NA,NA,Plum Frangipane Tart,Smoked Salmon En Croûte and Vermouth Chicken à la King Vol-au-vents,6,OUT
Alvin,6,7,NA,NA,NA,NA,NA,NA,NA,NA
Alvin,6,8,NA,NA,NA,NA,NA,NA,NA,NA
Alvin,6,9,NA,NA,NA,NA,NA,NA,NA,NA
Alvin,6,10,NA,NA,NA,NA,NA,NA,NA,NA
Alvin,6,NA,bakers,37,Nurse,"Bracknell, Berkshire",NA,NA,NA,NA
Amelia,10,1,NA,NA,NA,NA,NA,NA,4,IN
Amelia,10,2,NA,NA,NA,NA,NA,NA,9,IN
Amelia,10,3,NA,NA,NA,NA,NA,NA,11,OUT
Amelia,10,4,NA,NA,NA,NA,NA,NA,NA,NA
Amelia,10,5,NA,NA,NA,NA,NA,NA,NA,NA
Amelia,10,6,NA,NA,NA,NA,NA,NA,NA,NA
Amelia,10,7,NA,NA,NA,NA,NA,NA,NA,NA
Amelia,10,8,NA,NA,NA,NA,NA,NA,NA,NA
Amelia,10,9,NA,NA,NA,NA,NA,NA,NA,NA
Amelia,10,10,NA,NA,NA,NA,NA,NA,NA,NA
Amelia,10,NA,bakers,24,Fashion designer,Halifax,NA,NA,NA,NA
Andrew,7,1,bakes,NA,NA,NA,Lemon and Rosemary Drizzle Cake,'Ultimate Indulgence' Mirror Glaze Cake,12,IN
Andrew,7,2,bakes,NA,NA,NA,Beehive Biscuits,Punting in Cambridge,4,IN
Andrew,7,3,bakes,NA,NA,NA,Chocolate Barmbrack Bread,Braided Harvest Bread Basket,2,IN
Andrew,7,4,bakes,NA,NA,NA,Yorkshire 'Tapas' Puddings,Churros Window Box,4,IN
Andrew,7,5,bakes,NA,NA,NA,Mum and Dad's Breakfast Pastries,Spicy Chorizo Squash Parcels and Baklava Bites,6,IN
Andrew,7,6,bakes,NA,NA,NA,Tangy Lime and Ginger Meringue Pie,Spring Elderflower Trio,6,IN
Andrew,7,7,bakes,NA,NA,NA,Tropical Holiday Roulade,Childhood Ice Cream Mousse Cakes,1,STAR BAKER
Andrew,7,8,bakes,NA,NA,NA,Da Vinci Inspired Geared Pies,Jousting Knights Marchpane,2,IN
Andrew,7,9,bakes,NA,NA,NA,Cheesy Elephant Ears and Herby Treble Clefs,Philharmonic Fondants,2,STAR BAKER
Andrew,7,10,bakes,NA,NA,NA,Crunchy Caramel Cassis Crown,Family and Friends' Favourites Picnic,1,Runner-up
Andrew,7,NA,bakers,25,Aerospace engineer,"Derby / Holywood, County Down",NA,NA,NA,NA
Annetha,1,1,bakes,NA,NA,NA,Light Jamaican Black Cakewith Strawberries and Cream,"Red, White & Blue Chocolate Cake with Cigarellos, Fresh Fruit, and Cream",2,IN
Annetha,1,2,bakes,NA,NA,NA,Rose Petal Shortbread,Pink Swirl Macarons / Eclairs,7,OUT
Annetha,1,3,NA,NA,NA,NA,NA,NA,NA,NA
Annetha,1,4,NA,NA,NA,NA,NA,NA,NA,NA
Annetha,1,5,NA,NA,NA,NA,NA,NA,NA,NA
Annetha,1,6,NA,NA,NA,NA,NA,NA,NA,NA
Annetha,1,NA,bakers,30,Midwife,Essex,NA,NA,NA,NA
Antony,9,1,NA,NA,NA,NA,NA,NA,12,IN
Antony,9,2,NA,NA,NA,NA,NA,NA,9,IN
Antony,9,3,NA,NA,NA,NA,NA,NA,8,OUT
Antony,9,4,NA,NA,NA,NA,NA,NA,NA,NA
Antony,9,5,NA,NA,NA,NA,NA,NA,NA,NA
Antony,9,6,NA,NA,NA,NA,NA,NA,NA,NA
Antony,9,7,NA,NA,NA,NA,NA,NA,NA,NA
Antony,9,8,NA,NA,NA,NA,NA,NA,NA,NA
Antony,9,9,NA,NA,NA,NA,NA,NA,NA,NA
Antony,9,10,NA,NA,NA,NA,NA,NA,NA,NA
Antony,9,NA,bakers,30,Banker,London,NA,NA,NA,NA
Beca,4,1,bakes,NA,NA,NA,Grapefruit Sandwich Cake,Chocolate Cherry Indulgence,8,IN
Beca,4,2,bakes,NA,NA,NA,Fennel and Chilli Breadsticks,Five Strand Christmas Wreath,11,IN
Beca,4,3,bakes,NA,NA,NA,Orange and Ginger Trifle,Limoncello and Blueberry BurstsMillionaire Shortbread,10,IN
Beca,4,4,bakes,NA,NA,NA,Mamgu's Cherry-Apple Tart,Moroccan Vegetable Filo Feast,2,IN
Beca,4,5,bakes,NA,NA,NA,"Chocolate, Cherry and Hazelnut Brownies",Tiered Macaron and Sugar Dough Biscuit Centrepiece,5,IN
Beca,4,6,bakes,NA,NA,NA,Bara Brith,Chocolate and Rum-Soaked Prune BriochesCardamom Spiced Lemon Iced Buns,6,IN
Beca,4,7,bakes,NA,NA,NA,Spring Lamb and Vegetable Suet Puddingwith Redcurrant Gravy,Nectarine and Frangipane SquaresChocolate and Hazelnut Vol-au-ventsStrawberries and Cream Mille-feuille,1,IN
Beca,4,8,bakes,NA,NA,NA,"Potato, Spelt and Rosemary Focaccia",Spiced Butternut Squash and Pecan 'Cheese' Cake,4,IN
Beca,4,9,bakes,NA,NA,NA,Stilton and Walnut MacaronsBeetroot and Salmon Choux PuffsWelsh Rarebit Tartlets,Banoffee Opera Cake,3,OUT
Beca,4,10,NA,NA,NA,NA,NA,NA,NA,NA
Beca,4,NA,bakers,31,Military Wives' Choir Singer,"Aldershot, Hampshire",NA,NA,NA,NA
Ben,2,1,bakes,NA,NA,NA,Rhubarb and Custard CupcakesAfter Dinner Cupcakes,Vanilla Sponge with White Chocolate and Raspberry Buttercream,2,IN
Ben,2,2,bakes,NA,NA,NA,"Chorizo, Pepper and Gruyere Quiche",Lemon Meringue Tarts,1,IN
Ben,2,3,bakes,NA,NA,NA,"Walnut, Raisin and Rosemary Loaf",UNKNOWN,3,IN
Ben,2,4,bakes,NA,NA,NA,Stem Ginger Nuts,Chocolate and Almond MacaronsPine Nut MacaronsPistachio Macarons,5,OUT
Ben,2,5,NA,NA,NA,NA,NA,NA,NA,NA
Ben,2,6,NA,NA,NA,NA,NA,NA,NA,NA
Ben,2,7,NA,NA,NA,NA,NA,NA,NA,NA
Ben,2,8,NA,NA,NA,NA,NA,NA,NA,NA
Ben,2,NA,bakers,31,Graphic Designer,Northampton,NA,NA,NA,NA
Benjamina,7,1,bakes,NA,NA,NA,"Pistachio, Cardamom and Lemon Drizzle Cake",White Chocolate Mirror Glaze with Salted Praline Buttercream,6,IN
Benjamina,7,2,bakes,NA,NA,NA,Bouquet Biscuits,"New York, New York",3,IN
Benjamina,7,3,bakes,NA,NA,NA,"Chocolate, Tahini and Almond Babka",Braided Bread Heart,6,IN
Benjamina,7,4,bakes,NA,NA,NA,"Red Onion Chutney, Brie and Bacon Yorkshire Puddings",Tropical Churros,1,STAR BAKER
Benjamina,7,5,bakes,NA,NA,NA,'Good Morning America' Swirls and Peanut Butter and Banana Pinwheels,Plantain and Spinach Samosas and Chai Pear Cups,5,IN
Benjamina,7,6,bakes,NA,NA,NA,Grapefruit and Ginger Meringue Pie,Floral Tea Cake,2,IN
Benjamina,7,7,bakes,NA,NA,NA,Piña Colada Roulade,Apple Crumble Mousse Cake and Chocolate Coffee Mousse Cake,3,IN
Benjamina,7,8,bakes,NA,NA,NA,Mexican Adventure,Tudor Garden,4,OUT
Benjamina,7,9,NA,NA,NA,NA,NA,NA,NA,NA
Benjamina,7,10,NA,NA,NA,NA,NA,NA,NA,NA
Benjamina,7,NA,bakers,23,Teaching assistant,South London,NA,NA,NA,NA
Brendan,3,1,bakes,NA,NA,NA,"Plum, Sour Cherry & Walnut",UNKNOWN,10,IN
Brendan,3,2,bakes,NA,NA,NA,Middle Eastern Taboon BreadIndian Rotis,"Chocolate and Vanilla Bagels
Cumin and Gruyere Bagels",4,IN
Brendan,3,3,bakes,NA,NA,NA,Apple and Ginger Tarte Tatin,"Blackberry, Nectarine and Dragon Fruit Tart",9,IN
Brendan,3,4,bakes,NA,NA,NA,Clementine and Chestnut Torte,"Pear, Chocolate and Hazelnut Dacquoise",1,STAR BAKER
Brendan,3,5,bakes,NA,NA,NA,Salmon Coulibiac in a Scandinavian Pastry,All American Chiffon Pie,3,IN
Brendan,3,6,bakes,NA,NA,NA,"Rhubarb, Strawberry and Ginger Puddings
Sticky Toffee Puddings","Spinach, Cheese and Walnut Strudel",1,STAR BAKER
Brendan,3,7,bakes,NA,NA,NA,Chelsea Bunskis,Black Forest Christmas Stollen,4,IN
Brendan,3,8,bakes,NA,NA,NA,Multi-Seed Savoury Crackers,Fantasy Gingerbread Bird House,2,IN
Brendan,3,9,bakes,NA,NA,NA,Coffee Meringue and Hazelnut CreamsApricot and Pistachio FriandsLime Curd Choux Pastry Cygnets,Gateau St. Honoré,3,IN
Brendan,3,10,bakes,NA,NA,NA,Potato and Pepper Pithivier,Family Reunion Chiffon Cake,2,Runner-up
Brendan,3,NA,bakers,63,Recruitment consultant,Sutton Coldfield,NA,NA,NA,NA
Briony,9,1,NA,NA,NA,NA,NA,NA,2,IN
Briony,9,2,NA,NA,NA,NA,NA,NA,5,IN
Briony,9,3,NA,NA,NA,NA,NA,NA,9,IN
Briony,9,4,NA,NA,NA,NA,NA,NA,5,IN
Briony,9,5,NA,NA,NA,NA,NA,NA,6,IN
Briony,9,6,NA,NA,NA,NA,NA,NA,1,STAR BAKER
Briony,9,7,NA,NA,NA,NA,NA,NA,5,IN
Briony,9,8,NA,NA,NA,NA,NA,NA,1,IN
Briony,9,9,NA,NA,NA,NA,NA,NA,3,OUT
Briony,9,10,NA,NA,NA,NA,NA,NA,NA,NA
Briony,9,NA,bakers,33,Full-time parent,Bristol,NA,NA,NA,NA
Candice,7,1,bakes,NA,NA,NA,Raspberry and Rhubarb Drizzle Custard Bundt Cake,"Mirror Mirror On The Wall, Who Is The Shiniest Cake Of Them All?",5,IN
Candice,7,2,bakes,NA,NA,NA,"Salted Caramel, Chocolate Iced Shiny Hearts",Gingerbread Pub with Sticky Ginger Carpet,8,STAR BAKER
Candice,7,3,bakes,NA,NA,NA,"Chocolate, Salted Caramel & Pecan Brittle Brioche Loaf",Italian Light and Dark Rye Twist,3,IN
Candice,7,4,bakes,NA,NA,NA,Yorkshire Wellingtons,Two-Way Peanut Butter Churros,2,IN
Candice,7,5,bakes,NA,NA,NA,"Danish Pastry Croque Monsieur Kites and Cinnamon Apple, Vanilla Crème Rose Danish","Sausage, Black Pudding and Apple Rounds and Banoffee Whiskey Cups",2,STAR BAKER
Candice,7,6,bakes,NA,NA,NA,"Lime, Coconut and Lemongrass Sugar Meringue Pie",Four Seasons Cake,5,IN
Candice,7,7,bakes,NA,NA,NA,Crowd Pleaser Roulade,Blackberry and Raspberry Bubbles and After Dinner Mousse,2,IN
Candice,7,8,bakes,NA,NA,NA,Cheesy Cheeky Fish Pies,Peacock,1,STAR BAKER
Candice,7,9,bakes,NA,NA,NA,"Red Onion, Cambozola and Walnut Palmiers and Mushroom, Streaky Bacon, and Parmesan Palmiers",Chocolate Praline Fondant Fancies and Cherry Bakewell Fondant Fancies,3,IN
Candice,7,10,bakes,NA,NA,NA,Queen Victoria's Mango and Strawberry Crown,Picnic for Pearly Kings and Queens,2,WINNER
Candice,7,NA,bakers,31,PE teacher,"Barton-Le-Clay, Bedfordshire",NA,NA,NA,NA
Cathryn,3,1,bakes,NA,NA,NA,"Apple, Hazelnut and Calvados",Hidden Cupcake Cake,5,IN
Cathryn,3,2,bakes,NA,NA,NA,"Spiced Mango NaanLime, Coriander and Chilli Tortillas","Cranberry and Orange Bagels
Chipotle, Chili, and Smoked Cheddar Bagels",8,IN
Cathryn,3,3,bakes,NA,NA,NA,"Plum, Cherry and Five Spice Tarte Tatin","Raspberry, Pistachio and Lemon Tart",3,IN
Cathryn,3,4,bakes,NA,NA,NA,"White Chocolate, Macadamia and Coffee Torte","Gooseberry, Almond and Honey Meringue",3,IN
Cathryn,3,5,bakes,NA,NA,NA,Full English Wellington,Chocolate and Peanut Butter Pumpkin Pie,1,IN
Cathryn,3,6,bakes,NA,NA,NA,"Chocolate Walnut Whip Puddings
Elderflower Sponges",Roasted Vegetable Couscous and Sheep Cheese Strudel,3,IN
Cathryn,3,7,bakes,NA,NA,NA,Lady Arundel's Manchet Buns,Bonfire Night Tear 'n' Share Brioche,5,IN
Cathryn,3,8,bakes,NA,NA,NA,Cheese and Pickle Crackers,Gingerbread Buckingham Palace,5,OUT
Cathryn,3,9,NA,NA,NA,NA,NA,NA,NA,NA
Cathryn,3,10,NA,NA,NA,NA,NA,NA,NA,NA
Cathryn,3,NA,bakers,27,Shop assistant,"Pease Pottage, West Sussex",NA,NA,NA,NA
Chetna,5,1,bakes,NA,NA,NA,"Cardamom, Pistachio and Coffee Swiss Roll",Tiered Victoria Sponges with Lemon Curd and Raspberry Cream,3,IN
Chetna,5,2,bakes,NA,NA,NA,Fenugreek and Carom Crackers,Day On The Beach,8,IN
Chetna,5,3,bakes,NA,NA,NA,Onion and Pine Nut Rolls,Rolled and Filled Twin Loaf,8,IN
Chetna,5,4,bakes,NA,NA,NA,"Rhubarb, Strawberry and Orange Puddings","Mango, Raspberry and Coconut Baked Alaska",3,IN
Chetna,5,5,bakes,NA,NA,NA,Rice Custard Tart with Mangoes and Raspberries,Fusion Tiered Pies,2,IN
Chetna,5,6,bakes,NA,NA,NA,Orange Savarin with Cinnamon Cream,Almond Liqueur Dobos Torte with Chocolate Caramel Buttercream,2,STAR BAKER
Chetna,5,7,bakes,NA,NA,NA,Crispy Lentil Kachori,Chocolate and Mango & Lemon Meringue Éclairs,6,IN
Chetna,5,8,bakes,NA,NA,NA,Date and Walnut Swirl Bread,Chocolate Mousse Filled DoughnutsBraided Doughnuts,1,IN
Chetna,5,9,bakes,NA,NA,NA,Chocolate Orange Baklava Masala Chai Baklava,"Chocolate, Orange & Nut EntremetsCappuccino Entremets",4,OUT
Chetna,5,10,NA,NA,NA,NA,NA,NA,NA,NA
Chetna,5,NA,bakers,35,Fashion Designer,"Broadstairs, Kent",NA,NA,NA,NA
Chris,8,1,bakes,NA,NA,NA,Tropical Fresh Fruit Cake,'Raised Pork Pie and Egg Surprise' Cake,12,IN
Chris,8,2,bakes,NA,NA,NA,Chocolate Chia Seed Biscuits with Whisky Caramel Filling,'The Great British Sail Off' Game,11,OUT
Chris,8,3,NA,NA,NA,NA,NA,NA,NA,NA
Chris,8,4,NA,NA,NA,NA,NA,NA,NA,NA
Chris,8,5,NA,NA,NA,NA,NA,NA,NA,NA
Chris,8,6,NA,NA,NA,NA,NA,NA,NA,NA
Chris,8,7,NA,NA,NA,NA,NA,NA,NA,NA
Chris,8,8,NA,NA,NA,NA,NA,NA,NA,NA
Chris,8,9,NA,NA,NA,NA,NA,NA,NA,NA
Chris,8,10,NA,NA,NA,NA,NA,NA,NA,NA
Chris,8,NA,bakers,50,Software developer,Bristol,NA,NA,NA,NA
Christine,4,1,bakes,NA,NA,NA,"Strawberry, Vanilla and Rosewater Summer Basket",Chocolate and Orange 'Fripperous' Hat Cake,3,IN
Christine,4,2,bakes,NA,NA,NA,Mediterranean Breadsticks with Oregano,Double Plaited Loaf,4,IN
Christine,4,3,bakes,NA,NA,NA,Caribbean Pina Colada Trifle,Ninety-NinersSachertorte Parcels,4,STAR BAKER
Christine,4,4,bakes,NA,NA,NA,"Granny Rogers' Apple, Plum & Cinnamon Country Pie",Roasted Vegetable Filo Pie with Feta Cheese,7,IN
Christine,4,5,bakes,NA,NA,NA,Mixed Berry and Almond Crumble Traybake,Shortbread Bavarian Clock Tower,1,STAR BAKER
Christine,4,6,bakes,NA,NA,NA,Oxford Nutty Fruit Loaf,Schnecken BunsVanilla Custard Skolebrød,4,IN
Christine,4,7,bakes,NA,NA,NA,Spotted Dick 'With a Kick'and Vanilla Custard Ice Cream,Eccles CakesFresh Fruit BasketsLemon Cream Eton Mess Mille-feuille,6,IN
Christine,4,8,bakes,NA,NA,NA,"Multi-Seeded Loaf with Pumpkin, Sesame and Sunflower Seeds",Sweet Potato Guitar with Passion Fruit Icing and Marshmallow Fondant,5,OUT
Christine,4,9,NA,NA,NA,NA,NA,NA,NA,NA
Christine,4,10,NA,NA,NA,NA,NA,NA,NA,NA
Christine,4,NA,bakers,66,Director of an engraving company,"Didcot, Oxfordshire",NA,NA,NA,NA
Claire,5,1,bakes,NA,NA,NA,Chocolatey Orangey Swirly Roll,Mini Chocolate and Cherry Cakes,8,OUT
Claire,5,2,NA,NA,NA,NA,NA,NA,NA,NA
Claire,5,3,NA,NA,NA,NA,NA,NA,NA,NA
Claire,5,4,NA,NA,NA,NA,NA,NA,NA,NA
Claire,5,5,NA,NA,NA,NA,NA,NA,NA,NA
Claire,5,6,NA,NA,NA,NA,NA,NA,NA,NA
Claire,5,7,NA,NA,NA,NA,NA,NA,NA,NA
Claire,5,8,NA,NA,NA,NA,NA,NA,NA,NA
Claire,5,9,NA,NA,NA,NA,NA,NA,NA,NA
Claire,5,10,NA,NA,NA,NA,NA,NA,NA,NA
Claire,5,NA,bakers,31,Speech Therapist,"Ashton upon Mersey, Trafford",NA,NA,NA,NA
Dan,9,1,NA,NA,NA,NA,NA,NA,4,IN
Dan,9,2,NA,NA,NA,NA,NA,NA,3,IN
Dan,9,3,NA,NA,NA,NA,NA,NA,6,IN
Dan,9,4,NA,NA,NA,NA,NA,NA,1,STAR BAKER
Dan,9,5,NA,NA,NA,NA,NA,NA,2,IN
Dan,9,6,NA,NA,NA,NA,NA,NA,6,OUT
Dan,9,7,NA,NA,NA,NA,NA,NA,NA,NA
Dan,9,8,NA,NA,NA,NA,NA,NA,NA,NA
Dan,9,9,NA,NA,NA,NA,NA,NA,NA,NA
Dan,9,10,NA,NA,NA,NA,NA,NA,NA,NA
Dan,9,NA,bakers,36,Full-time parent,London,NA,NA,NA,NA
Dan,10,1,NA,NA,NA,NA,NA,NA,9,OUT
Dan,10,2,NA,NA,NA,NA,NA,NA,NA,NA
Dan,10,3,NA,NA,NA,NA,NA,NA,NA,NA
Dan,10,4,NA,NA,NA,NA,NA,NA,NA,NA
Dan,10,5,NA,NA,NA,NA,NA,NA,NA,NA
Dan,10,6,NA,NA,NA,NA,NA,NA,NA,NA
Dan,10,7,NA,NA,NA,NA,NA,NA,NA,NA
Dan,10,8,NA,NA,NA,NA,NA,NA,NA,NA
Dan,10,9,NA,NA,NA,NA,NA,NA,NA,NA
Dan,10,10,NA,NA,NA,NA,NA,NA,NA,NA
Dan,10,NA,bakers,32,Support worker,Rotherham,NA,NA,NA,NA
Danny,3,1,bakes,NA,NA,NA,"Plum, Ginger & Orange",UNKNOWN,7,IN
Danny,3,2,bakes,NA,NA,NA,Lime Coriander and Coconut TortillasZaatar Naan with Dukkah,UNKNOWN,3,IN
Danny,3,3,bakes,NA,NA,NA,Savoury Pear and Roquefort Tarte Tatin,"Pineapple, Coconut and Frangipane Tart",2,IN
Danny,3,4,bakes,NA,NA,NA,"Blackberry, White Chocolate, Lemon and Elderflower Torte","'Monte Bianco' Chestnut, Chocolate and Coffee Dacquoise",2,IN
Danny,3,5,bakes,NA,NA,NA,"Chickpea, Spinach & Mushroom Wellington",Trick or Treat Pumpkin Pie,7,IN
Danny,3,6,bakes,NA,NA,NA,Banoffee Puddings with Walnut Butterscotch SauceJubilee Chocolate Fondants,"Leek, Potato, Pistachio and Gruyère Strudel",2,IN
Danny,3,7,bakes,NA,NA,NA,Bakewell Chelsea Buns,European Christmas Wreath,2,STAR BAKER
Danny,3,8,bakes,NA,NA,NA,Spiced Almond Drinks Crackers,Gingerbread Big Ben,4,IN
Danny,3,9,bakes,NA,NA,NA,Blackberry and Peppermint MacaroonsMiniature Raspberry and Basil FinanciersOrange and White Chocolate Langues de Chat,Rosewater and Lychee St. Honoré,4,OUT
Danny,3,10,NA,NA,NA,NA,NA,NA,NA,NA
Danny,3,NA,bakers,45,Intensive care consultant,Sheffield,NA,NA,NA,NA
David,1,1,bakes,NA,NA,NA,Chocolate Orange Cake,"Black Forest Floor Gateauxwith Moulded Chocolate Leaves, Fallen Fruitand Chocolate Mushrooms Moulded from eggs",3,IN
David,1,2,bakes,NA,NA,NA,Cheddar Cheese and Fresh Rosemary Biscuits,Choux Pastry Swans  Chocolate Profiteroles,8,IN
David,1,3,bakes,NA,NA,NA,Chilli Bread,"Walnut and Seed Roll
Red Berry and Almond Bun",4,IN
David,1,4,bakes,NA,NA,NA,Pear and Walnut Pudding,"Apple and Blackberry Crumble, Rhubarb and Orange Betty, Suet Pear",5,OUT
David,1,5,NA,NA,NA,NA,NA,NA,NA,NA
David,1,6,NA,NA,NA,NA,NA,NA,NA,NA
David,1,NA,bakers,31,Entrepreneur,Milton Keynes,NA,NA,NA,NA
David,10,1,NA,NA,NA,NA,NA,NA,10,IN
David,10,2,NA,NA,NA,NA,NA,NA,2,IN
David,10,3,NA,NA,NA,NA,NA,NA,2,IN
David,10,4,NA,NA,NA,NA,NA,NA,2,IN
David,10,5,NA,NA,NA,NA,NA,NA,9,IN
David,10,6,NA,NA,NA,NA,NA,NA,2,IN
David,10,7,NA,NA,NA,NA,NA,NA,2,IN
David,10,8,NA,NA,NA,NA,NA,NA,1,IN
David,10,9,NA,NA,NA,NA,NA,NA,2,IN
David,10,10,NA,NA,NA,NA,NA,NA,1,WINNER
David,10,NA,bakers,36,International health adviser,Whitby,NA,NA,NA,NA
Deborah,4,1,bakes,NA,NA,NA,Pineapple Cake,'Coffee Time',9,IN
Deborah,4,2,bakes,NA,NA,NA,Fennel & Chilli Breadsticks,Walnut Fleur Loaf,8,IN
Deborah,4,3,bakes,NA,NA,NA,Tropical Trifle*,Canelé Cherry and Chocolate CakesRose Cookies,9,OUT
Deborah,4,4,NA,NA,NA,NA,NA,NA,NA,NA
Deborah,4,5,NA,NA,NA,NA,NA,NA,NA,NA
Deborah,4,6,NA,NA,NA,NA,NA,NA,NA,NA
Deborah,4,7,NA,NA,NA,NA,NA,NA,NA,NA
Deborah,4,8,NA,NA,NA,NA,NA,NA,NA,NA
Deborah,4,9,NA,NA,NA,NA,NA,NA,NA,NA
Deborah,4,10,NA,NA,NA,NA,NA,NA,NA,NA
Deborah,4,NA,bakers,51,Dentist,Peterborough,NA,NA,NA,NA
Diana,5,1,bakes,NA,NA,NA,Mum's Sunday Tea Lemon Curd Swiss Roll,Chocolate Ganache Surprises,5,IN
Diana,5,2,bakes,NA,NA,NA,Parmesan Triangles,"Express, First Class",7,IN
Diana,5,3,bakes,NA,NA,NA,Rustic Picnic Rolls,Sharing Savoury Pinwheel,7,IN
Diana,5,4,bakes,NA,NA,NA,Orange and Lemon Curd Pots,Raspberry Ripple Alaska Swan,9,IN
Diana,5,5,NA,NA,NA,NA,NA,NA,NA,WD
Diana,5,6,NA,NA,NA,NA,NA,NA,NA,IN
Diana,5,7,NA,NA,NA,NA,NA,NA,NA,IN
Diana,5,8,NA,NA,NA,NA,NA,NA,NA,IN
Diana,5,9,NA,NA,NA,NA,NA,NA,NA,IN
Diana,5,10,NA,NA,NA,NA,NA,NA,NA,IN
Diana,5,NA,bakers,69,Women's Institute (WI) Judge,"Alkington, Shropshire",NA,NA,NA,NA
Dorret,6,1,bakes,NA,NA,NA,Madeira Cake with Candied Lemons,Enchanted Forest Gâteau,5,IN
Dorret,6,2,bakes,NA,NA,NA,Almond and Apricot Biscotti with Amber Sugar Crystals,Box of Frogs,1,IN
Dorret,6,3,bakes,NA,NA,NA,Walnut and Stilton Soda Breads,Unmade Bread,6,OUT
Dorret,6,4,NA,NA,NA,NA,NA,NA,NA,NA
Dorret,6,5,NA,NA,NA,NA,NA,NA,NA,NA
Dorret,6,6,NA,NA,NA,NA,NA,NA,NA,NA
Dorret,6,7,NA,NA,NA,NA,NA,NA,NA,NA
Dorret,6,8,NA,NA,NA,NA,NA,NA,NA,NA
Dorret,6,9,NA,NA,NA,NA,NA,NA,NA,NA
Dorret,6,10,NA,NA,NA,NA,NA,NA,NA,NA
Dorret,6,NA,bakers,53,Accountant,"Penwortham, Lancashire",NA,NA,NA,NA
Edd,1,1,bakes,NA,NA,NA,Caramel Cinnamon and Banana Cake,N/A,1,IN
Edd,1,2,bakes,NA,NA,NA,Oatmeal Raisin Cookie,Pink Macarons,6,IN
Edd,1,3,bakes,NA,NA,NA,Olive Bread,Tomato and Mozzarella,1,IN
Edd,1,4,bakes,NA,NA,NA,Apple and Plum Pudding,"Apple and Cinnamon Crumble, Nutella Banana Brioche Bread Pudding, Rhubarb and Strawberry Suet Layer",3,IN
Edd,1,5,bakes,NA,NA,NA,"Chicken, Ham, Leek and Tarragon Pie","Almond Sweet Pastry with Ginger and Chocolate  Raspberry Tart / Yorkshire Curd Tart  Chickpea and Salami, Red and Yellow Pepper, Asparagus Gruyere Quiche Canapés",2,IN
Edd,1,6,bakes,NA,NA,NA,Cinnamon and Banana Cake,NA,NA,WINNER
Edd,1,NA,bakers,24,Debt collector for Yorkshire Bank,Bradford,NA,NA,NA,NA
Enwezor,5,1,bakes,NA,NA,NA,Raspberry and Lemon Swiss Roll,Coffee and Walnut Battenberg Squares,9,IN
Enwezor,5,2,bakes,NA,NA,NA,Pumpkin and Sunflower Savoury Biscuits,Space Adventure Moon Scene,9,OUT
Enwezor,5,3,NA,NA,NA,NA,NA,NA,NA,NA
Enwezor,5,4,NA,NA,NA,NA,NA,NA,NA,NA
Enwezor,5,5,NA,NA,NA,NA,NA,NA,NA,NA
Enwezor,5,6,NA,NA,NA,NA,NA,NA,NA,NA
Enwezor,5,7,NA,NA,NA,NA,NA,NA,NA,NA
Enwezor,5,8,NA,NA,NA,NA,NA,NA,NA,NA
Enwezor,5,9,NA,NA,NA,NA,NA,NA,NA,NA
Enwezor,5,10,NA,NA,NA,NA,NA,NA,NA,NA
Enwezor,5,NA,bakers,39,Business Consultant,"Portsmouth, Hampshire",NA,NA,NA,NA
Flo,8,1,bakes,NA,NA,NA,Citrus Layer Cake,'One in a Melon' Cake,9,IN
Flo,8,2,bakes,NA,NA,NA,Gin Jam Butties,'Pick My Bones' Game,10,IN
Flo,8,3,bakes,NA,NA,NA,Cinnamon and Orange Teacakes,'Davy Jones' Locker' Bread Sculpture,7,OUT
Flo,8,4,NA,NA,NA,NA,NA,NA,NA,NA
Flo,8,5,NA,NA,NA,NA,NA,NA,NA,NA
Flo,8,6,NA,NA,NA,NA,NA,NA,NA,NA
Flo,8,7,NA,NA,NA,NA,NA,NA,NA,NA
Flo,8,8,NA,NA,NA,NA,NA,NA,NA,NA
Flo,8,9,NA,NA,NA,NA,NA,NA,NA,NA
Flo,8,10,NA,NA,NA,NA,NA,NA,NA,NA
Flo,8,NA,bakers,71,Retired,Merseyside,NA,NA,NA,NA
Flora,6,1,bakes,NA,NA,NA,Blood Orange Madeira Cake,Black Forest Gâteau,6,IN
Flora,6,2,bakes,NA,NA,NA,Wedding Biscotti,Honey and Earl Grey Tea Box,2,IN
Flora,6,3,bakes,NA,NA,NA,Fig and Hazelnut Rye Breads,Herb Couture,2,IN
Flora,6,4,bakes,NA,NA,NA,Rhubarb and Ginger Crème Brûlées,Elderflower and Granola Cheesecakes,3,IN
Flora,6,5,bakes,NA,NA,NA,"Pistachio, Apple and Cardamom Madeleine Cake",Chocolate and Pear Bûche,3,IN
Flora,6,6,bakes,NA,NA,NA,Apricot and Rosemary Frangipane Tart,Asparagus and Parma Ham and Praline and Chocolate Vol-au-vents,2,IN
Flora,6,7,bakes,NA,NA,NA,Game Pie with Shallot and Apple Chutney,"Raspberry, Pomegranate and Champagne Charlotte Russe",4,IN
Flora,6,8,bakes,NA,NA,NA,Peach & Lemon Thyme and Smoked Almond & Butterscotch Cream Horns,Lime & Basil and Coconut & White Chocolate Religieuse à l'ancienne,3,IN
Flora,6,9,bakes,NA,NA,NA,Passion Fruit and Chocolate Tart,Cocoa Carousel,1,OUT
Flora,6,10,NA,NA,NA,NA,NA,NA,NA,NA
Flora,6,NA,bakers,19,Art gallery assistant,"Dunkeld, Perth and Kinross",NA,NA,NA,NA
Frances,4,1,bakes,NA,NA,NA,Giant Jam Sandwich,Secret Squirrel Cake,7,IN
Frances,4,2,bakes,NA,NA,NA,Giant Matchsticks,Sailor's Knot,2,IN
Frances,4,3,bakes,NA,NA,NA,Apple and Blackberry Crumble Trifle,'Ballet Bites' Ginger NutcrackersSugar Plum Fairy Cakes,8,IN
Frances,4,4,bakes,NA,NA,NA,Peach Pie In the Sky,Cherry Tree Baklava Filo Pie,1,IN
Frances,4,5,bakes,NA,NA,NA,Millionaire Banoffee Bonus,Biscuit Buttons and Beads,3,IN
Frances,4,6,bakes,NA,NA,NA,Chai Tea Loaf,Hot Cross BriochesRhubarb and Custard Kolaches,2,IN
Frances,4,7,bakes,NA,NA,NA,Figgy Roll-y Poly Puddingwith Caramelised Walnut and Honey Ice-Cream,French Framboise Cream HornsSheet Music Mille-feuilleBass Clef Palmiers,5,STAR BAKER
Frances,4,8,bakes,NA,NA,NA,'Chelsea Flour Show' Bun Bouquet,"Hidden Carrot Cake (Ground Praline, Beetroot and Walnut)",3,IN
Frances,4,9,bakes,NA,NA,NA,"Legume Canapés:
Chantenay CarrotsChoux Pastry TomatoesCauliflower Cheese Scones",Great British Soap Opera Cake,2,IN
Frances,4,10,bakes,NA,NA,NA,Rainbow Picnic Pie,Midsummer Night's Dream Wedding Cake,3,WINNER
Frances,4,NA,bakers,31,Children's Clothes Designer,"Market Harborough, Leicestershire",NA,NA,NA,NA
Glenn,4,1,bakes,NA,NA,NA,Strawberries and Cream Cake,Almond and Espresso Chocolate Cake,4,IN
Glenn,4,2,bakes,NA,NA,NA,Rosemary and Parmesan Grissini,Harvest Crown,7,IN
Glenn,4,3,bakes,NA,NA,NA,Raspberry and Almond Trifle,Billionaire BouchéesOrange Financiers,1,IN
Glenn,4,4,bakes,NA,NA,NA,Apple & Maple Syrup Pie,Spanakopita (Walnut and Feta Cheese),9,IN
Glenn,4,5,bakes,NA,NA,NA,Apricot and Pistachio Tiffin,Shortbread and Macaron Helter-Skelter,2,IN
Glenn,4,6,bakes,NA,NA,NA,Devonshire Panettone,Almond and Apricot BriochesSticky Caramel Kanelbullen,5,IN
Glenn,4,7,bakes,NA,NA,NA,Prune and Armagnac Puddingwith Boozy Butterscotch Sauce,Caramelised Apple and Marzipan TartletsChocolate Elephant EarsPassion Fruit Mille-feuille,3,OUT
Glenn,4,8,NA,NA,NA,NA,NA,NA,NA,NA
Glenn,4,9,NA,NA,NA,NA,NA,NA,NA,NA
Glenn,4,10,NA,NA,NA,NA,NA,NA,NA,NA
Glenn,4,NA,bakers,37,English Teacher,"Teignmouth, Devon",NA,NA,NA,NA
Helena,10,1,NA,NA,NA,NA,NA,NA,12,IN
Helena,10,2,NA,NA,NA,NA,NA,NA,12,IN
Helena,10,3,NA,NA,NA,NA,NA,NA,8,IN
Helena,10,4,NA,NA,NA,NA,NA,NA,9,IN
Helena,10,5,NA,NA,NA,NA,NA,NA,1,OUT
Helena,10,6,NA,NA,NA,NA,NA,NA,NA,NA
Helena,10,7,NA,NA,NA,NA,NA,NA,NA,NA
Helena,10,8,NA,NA,NA,NA,NA,NA,NA,NA
Helena,10,9,NA,NA,NA,NA,NA,NA,NA,NA
Helena,10,10,NA,NA,NA,NA,NA,NA,NA,NA
Helena,10,NA,bakers,40,Online project manager,Leeds,NA,NA,NA,NA
Henry,10,1,NA,NA,NA,NA,NA,NA,1,IN
Henry,10,2,NA,NA,NA,NA,NA,NA,6,IN
Henry,10,3,NA,NA,NA,NA,NA,NA,1,IN
Henry,10,4,NA,NA,NA,NA,NA,NA,3,IN
Henry,10,5,NA,NA,NA,NA,NA,NA,3,IN
Henry,10,6,NA,NA,NA,NA,NA,NA,4,IN
Henry,10,7,NA,NA,NA,NA,NA,NA,3,STAR BAKER
Henry,10,8,NA,NA,NA,NA,NA,NA,5,OUT
Henry,10,9,NA,NA,NA,NA,NA,NA,NA,NA
Henry,10,10,NA,NA,NA,NA,NA,NA,NA,NA
Henry,10,NA,bakers,20,Student,Durham,NA,NA,NA,NA
Holly,2,1,bakes,NA,NA,NA,Cherry Bakewell Inspired CupcakesGinger Cupcakes with Fig Truffle,UNKNOWN,1,STAR BAKER
Holly,2,2,bakes,NA,NA,NA,Pesto Quiche,Milk Chocolate and Pistachio TartsTrifle Tarts,4,IN
Holly,2,3,bakes,NA,NA,NA,Picnic Loaf,Stilton and Walnut Rolls,6,IN
Holly,2,4,bakes,NA,NA,NA,Strawberry and Custard Melts,"'Chocolate bars of my youth'
(Caramel Macarons, Mint Chocolate Macarons and Chocolate Orange Macarons)",3,STAR BAKER
Holly,2,5,bakes,NA,NA,NA,"Stilton, Potato and Caramelised Onion Pie",Lime Meringue Pie,4,IN
Holly,2,6,bakes,NA,NA,NA,Father Christmas' Baked Cheesecake,Hansel and Gretel's Croquembouche,3,IN
Holly,2,7,bakes,NA,NA,NA,"White Chocolate, Hazelnut and Raspberry Genoise Mousse Cake","Apricot, Macadamia and White Chocolate PinwheelsAlmond CroissantsApple, Raisin and Cinnamon Plaits",1,IN
Holly,2,8,bakes,NA,NA,NA,Banoffee Inspired Mille Feuille,Strawberry and Cream Meringue NestGooseberry and Elderflower 'Bakewell' TartsNeapolitan Ice-Cream Sandwich,2,Runner-up
Holly,2,NA,bakers,31,Advertising executive,Leicester,NA,NA,NA,NA
Howard,4,1,bakes,NA,NA,NA,Passion Fruit and Coconut Cake,Black Forest Revisited,6,IN
Howard,4,2,bakes,NA,NA,NA,Moroccan Breadsticks,Picasso Sun Bread,10,IN
Howard,4,3,bakes,NA,NA,NA,Caramel and Apple Trifle*,Black Coffee and Cardamom CakesWhite Stilton and Pear Biscuits,7,IN
Howard,4,4,bakes,NA,NA,NA,Apple Pie with Sage Pastry,Fresh Fig and Feta Filo Flan,5,IN
Howard,4,5,bakes,NA,NA,NA,Breakfast Traybake,Japanese Pagoda Tea Tower,8,IN
Howard,4,6,bakes,NA,NA,NA,Date & Hemp Yorkshire Loaf,Peachy BunsGerman Baumschnecken,7,OUT
Howard,4,7,NA,NA,NA,NA,NA,NA,NA,NA
Howard,4,8,NA,NA,NA,NA,NA,NA,NA,NA
Howard,4,9,NA,NA,NA,NA,NA,NA,NA,NA
Howard,4,10,NA,NA,NA,NA,NA,NA,NA,NA
Howard,4,NA,bakers,51,Council Worker,Sheffield,NA,NA,NA,NA
Iain,5,1,bakes,NA,NA,NA,Apricot and Basil Swiss Roll with Mascarpone and White Chocolate Cream,"Lemon Drizzle Cakes with Mascarpone Filling, Drizzled Icing, and Candied Lemon",4,IN
Iain,5,2,bakes,NA,NA,NA,Za'atar and Fig Biscuits,Wild West Scene,11,IN
Iain,5,3,bakes,NA,NA,NA,Cranberry and Walnut Rye Bread Rolls,Moroccan Plaited with a Bessara Dip,9,IN
Iain,5,4,bakes,NA,NA,NA,"Chocolate, Lime and Raspberry Fondants","Chocolate, Black Sesame Seed and Coffee Caramel Baked Alaska (not presented)",6,OUT
Iain,5,5,NA,NA,NA,NA,NA,NA,NA,NA
Iain,5,6,NA,NA,NA,NA,NA,NA,NA,NA
Iain,5,7,NA,NA,NA,NA,NA,NA,NA,NA
Iain,5,8,NA,NA,NA,NA,NA,NA,NA,NA
Iain,5,9,NA,NA,NA,NA,NA,NA,NA,NA
Iain,5,10,NA,NA,NA,NA,NA,NA,NA,NA
Iain,5,NA,bakers,31,Construction Engineer,London/Belfast,NA,NA,NA,NA
Ian,2,1,bakes,NA,NA,NA,Apple and Cinnamon Cupcakes,UNKNOWN,10,IN
Ian,2,2,bakes,NA,NA,NA,"Stilton, Spinach and New Potato Quichewith Paprika and Walnut Pastry",UNKNOWN,2,IN
Ian,2,3,bakes,NA,NA,NA,"Courgette, Caerphilly Cheese and Thyme Loaf",Walnut and Raisin RollsCracked Wheat Logs,10,OUT
Ian,2,4,NA,NA,NA,NA,NA,NA,NA,NA
Ian,2,5,NA,NA,NA,NA,NA,NA,NA,NA
Ian,2,6,NA,NA,NA,NA,NA,NA,NA,NA
Ian,2,7,NA,NA,NA,NA,NA,NA,NA,NA
Ian,2,8,NA,NA,NA,NA,NA,NA,NA,NA
Ian,2,NA,bakers,40,Fundraiser for English Heritage,"Dunstable, Bedfordshire",NA,NA,NA,NA
Ian,6,1,bakes,NA,NA,NA,Somewhere West of Madeira Cake,Black Forest Cherry Tree,8,IN
Ian,6,2,bakes,NA,NA,NA,"Orange, Rosemary and Almond Biscotti",Sandwich de la Confiture,3,STAR BAKER
Ian,6,3,bakes,NA,NA,NA,Wild Garlic Pesto Soda Breads,Flour Power,1,STAR BAKER
Ian,6,4,bakes,NA,NA,NA,Pomegranate Two Ways Crème Brûlées,Trio of Spicy and Herby Baked Cheesecakes,4,STAR BAKER
Ian,6,5,bakes,NA,NA,NA,Honey and Flowers Cake,Dessert Island,5,IN
Ian,6,6,bakes,NA,NA,NA,Pear and Raspberry Frangipane Tart,vol-au-vents Terre et Mer,3,IN
Ian,6,7,bakes,NA,NA,NA,Roadkill Pie,Victoria's Crown Charlotte Russe,5,IN
Ian,6,8,bakes,NA,NA,NA,Mont Blanc & Black Forest Gâteau Horns,Nun with Hidden Passions,2,IN
Ian,6,9,bakes,NA,NA,NA,Chocolate and Bay Tart,Chocolate Well,3,IN
Ian,6,10,bakes,NA,NA,NA,Elderflower and Lemon & Spiced Buns,Colossal Curvy Carrot Cake,2,Runner-up
Ian,6,NA,bakers,41,Travel photographer,"Great Wilbraham, Cambridgeshire",NA,NA,NA,NA
Imelda,9,1,NA,NA,NA,NA,NA,NA,11,OUT
Imelda,9,2,NA,NA,NA,NA,NA,NA,NA,NA
Imelda,9,3,NA,NA,NA,NA,NA,NA,NA,NA
Imelda,9,4,NA,NA,NA,NA,NA,NA,NA,NA
Imelda,9,5,NA,NA,NA,NA,NA,NA,NA,NA
Imelda,9,6,NA,NA,NA,NA,NA,NA,NA,NA
Imelda,9,7,NA,NA,NA,NA,NA,NA,NA,NA
Imelda,9,8,NA,NA,NA,NA,NA,NA,NA,NA
Imelda,9,9,NA,NA,NA,NA,NA,NA,NA,NA
Imelda,9,10,NA,NA,NA,NA,NA,NA,NA,NA
Imelda,9,NA,bakers,33,Countryside recreation officer,County Tyrone,NA,NA,NA,NA
James,3,1,bakes,NA,NA,NA,"Parsnip, Pear, and Pecan","""Simmer Dim"" Sunset Cake",2,IN
James,3,2,bakes,NA,NA,NA,"Tomato, Garlic, and Parmesan FlatbreadsTattie Scones","Orange, Mint and Chocolate Bagels
'Millers' Sourdough Bagels",2,IN
James,3,3,bakes,NA,NA,NA,Apple and Lavender Tarte Tatin,"Rose, Lychee and Raspberry Fruit Tart",1,STAR BAKER
James,3,4,bakes,NA,NA,NA,"Hazelnut, Chocolate and Passionfruit Torte","Fig, Chestnut, Cherry and Chocolate Layered Meringue",5,IN
James,3,5,bakes,NA,NA,NA,Four Pig Wellington,Sweet Potato Pie,6,IN
James,3,6,bakes,NA,NA,NA,Banana and Clove PuddingsClootie Dumplings,"Strawberry, Rhubarb and Ginger Strudel",7,IN
James,3,7,bakes,NA,NA,NA,Easter Chelsea Buns,Whisky Kugelhopf-Brioche Baba,1,IN
James,3,8,bakes,NA,NA,NA,"Smoky Cayenne, Cumin and Chilli Crackers",Gingerbread Barn,1,STAR BAKER
James,3,9,bakes,NA,NA,NA,"Lemon and Rhubarb TartletsChocolate Indulgence Petits FoursChilli, Lime and Raspberry Macaroons","Coffee, Caramel and Hazelnut Paris-Brest",1,STAR BAKER
James,3,10,bakes,NA,NA,NA,Spanish Pithivier with Chorizo and Red Pepper,United Chiffon Cakes,1,Runner-up
James,3,NA,bakers,21,Medical student,"Hillswick, Shetland Islands",NA,NA,NA,NA
James,8,1,bakes,NA,NA,NA,"Orange, Rhubarb & Ginger Crumble Cake",'Mock-accino and Croissant' Cake,2,IN
James,8,2,bakes,NA,NA,NA,Rhubarb and Custard Whirls,'Coppit' Game,3,IN
James,8,3,bakes,NA,NA,NA,Nordic Teacakes,'Owl in the Woods' Bread Sculpture,9,IN
James,8,4,bakes,NA,NA,NA,'Windy City' Millionaire Shortbreads,Nutty Caramel Cake,2,IN
James,8,5,bakes,NA,NA,NA,Orange and Ginger Steamed School Pudding,'The Missed Silver Jubilee' Trifle Terrine,7,OUT
James,8,6,NA,NA,NA,NA,NA,NA,NA,NA
James,8,7,NA,NA,NA,NA,NA,NA,NA,NA
James,8,8,NA,NA,NA,NA,NA,NA,NA,NA
James,8,9,NA,NA,NA,NA,NA,NA,NA,NA
James,8,10,NA,NA,NA,NA,NA,NA,NA,NA
James,8,NA,bakers,46,Banker,"Brentwood, Essex",NA,NA,NA,NA
Jamie,10,1,NA,NA,NA,NA,NA,NA,13,IN
Jamie,10,2,NA,NA,NA,NA,NA,NA,11,OUT
Jamie,10,3,NA,NA,NA,NA,NA,NA,NA,NA
Jamie,10,4,NA,NA,NA,NA,NA,NA,NA,NA
Jamie,10,5,NA,NA,NA,NA,NA,NA,NA,NA
Jamie,10,6,NA,NA,NA,NA,NA,NA,NA,NA
Jamie,10,7,NA,NA,NA,NA,NA,NA,NA,NA
Jamie,10,8,NA,NA,NA,NA,NA,NA,NA,NA
Jamie,10,9,NA,NA,NA,NA,NA,NA,NA,NA
Jamie,10,10,NA,NA,NA,NA,NA,NA,NA,NA
Jamie,10,NA,bakers,20,Part-time waiter,Surrey,NA,NA,NA,NA
Jane,7,1,bakes,NA,NA,NA,Lemon and Poppy Seed Drizzle Cake,Chocolate Orange Mirror Cake,7,STAR BAKER
Jane,7,2,bakes,NA,NA,NA,Flower Pot Iced Biscuits,Hastings Old Town Fishing Net Shops and Boat,2,IN
Jane,7,3,bakes,NA,NA,NA,Chocolate and Cranberry Couronne,Chorizo and Chilli Flower with Parmesan and Pesto Centre,9,IN
Jane,7,4,bakes,NA,NA,NA,Meat and Two Veg Yorkshires,Pistachio and White Chocolate Churros,3,IN
Jane,7,5,bakes,NA,NA,NA,"Orange Pain au Raisins, Raspberry, Chocolate and Almond Danish","Roquefort, Fig and Walnut Parcels and Cherry and Chocolate Cones",1,IN
Jane,7,6,bakes,NA,NA,NA,Lime and Coconut Meringue Pie,Three Tier Orange Cake with a Floral Chocolate Collar,4,IN
Jane,7,7,bakes,NA,NA,NA,Chocolate and Hazelnut Roulade,"Chocolate, Coffee, and Vanilla Joconde Cakes and Blackcurrant and Vanilla Ombre Mousses",4,IN
Jane,7,8,bakes,NA,NA,NA,Tudor Rose Pies,Swans,5,IN
Jane,7,9,bakes,NA,NA,NA,"Pesto and Sundried Tomato Palmiers and Goats Cheese, Olive and Parma Ham Palmiers",Pistachio and Raspberry Fondant Fancies and Lemon Curd Surprise Fondant Fancies,1,IN
Jane,7,10,bakes,NA,NA,NA,"Red, White and Blue Meringue Crown",Family Favourites Feast,3,Runner-up
Jane,7,NA,bakers,61,Garden designer,Beckenham,NA,NA,NA,NA
Janet,2,1,bakes,NA,NA,NA,Raspberry and Cream Cupcakes,Chocolate Marble Cakewith Dark and White Chocolate Truffles,8,IN
Janet,2,2,bakes,NA,NA,NA,Quiche Printanière,Red Fruit TartsChocolate and Cherry Tarts,8,IN
Janet,2,3,bakes,NA,NA,NA,Zupfe Loaf with Gruyère Cheese,Apple and Walnut Granary Rolls Red Onion Cottage Rolls,8,IN
Janet,2,4,bakes,NA,NA,NA,Christmas Marzipan Biscuits,"Raspberry Macarons
Blackcurrant Macarons
Almond Macarons",4,IN
Janet,2,5,bakes,NA,NA,NA,Chicken and Chestnut Pie,Rhubarb Meringue Pie,1,STAR BAKER
Janet,2,6,bakes,NA,NA,NA,Rhubarb and Ginger Baked Cheesecake,Orange and Nougatine Croquembouche,5,IN
Janet,2,7,bakes,NA,NA,NA,Chocolate Amaretto Mousse Cake,Pain Aux RaisinPlain CroissantPain Au Chocolat,4,OUT
Janet,2,8,NA,NA,NA,NA,NA,NA,NA,NA
Janet,2,NA,bakers,63,Teacher of Modern Languages,"Formby, Liverpool",NA,NA,NA,NA
Jasminder,1,1,bakes,NA,NA,NA,Fresh Mango and Passion Fruit Hummingbird Cake,N/A,NA,IN
Jasminder,1,2,bakes,NA,NA,NA,Millionaires' Shortbread,Meringues with Chocolate and Space DustCoffee flavoured Eclairs,2,IN
Jasminder,1,3,bakes,NA,NA,NA,Focaccia,"Mango and Sultana Buns
Pan au Chocolat with Mars Bars
Tutti Frutti Wheel with Jelly Tots",5,IN
Jasminder,1,4,bakes,NA,NA,NA,Sticky Toffee Pudding with Tropical Fruit & Toffee Sauce,"Bread & Butter Pudding, Treacle Suet Pudding with Fresh Fruit, Apple and Pineapple Crumble",2,IN
Jasminder,1,5,bakes,NA,NA,NA,Chicken and Mushroom Pie,"Jaggery, Carrot, and Spiced Condensed Milk Tart  Fruit and Custard Tart  Thai Chili Red Onion, Duck in Plum Sauce, Salmon and Prawn Canapés",4,OUT
Jasminder,1,6,NA,NA,NA,NA,NA,NA,NA,NA
Jasminder,1,NA,bakers,45,Assistant Credit Control Manager,Birmingham,NA,NA,NA,NA
Jason,2,1,bakes,NA,NA,NA,Lemon Meringue CupcakesApple and Cinnamon Cupcakes,UNKNOWN,6,IN
Jason,2,2,bakes,NA,NA,NA,Salmon and Pak Choi Quiche,Mint Chocolate Tarts Blueberry Bakewell Tarts,3,STAR BAKER
Jason,2,3,bakes,NA,NA,NA,Cheese and Onion Tear and Share Loaf,UNKNOWN,7,IN
Jason,2,4,bakes,NA,NA,NA,Lebkuchen,"Mocktail Macarons
(Mojito, Cranberry Cooler, and Pina Colada)",1,STAR BAKER
Jason,2,5,bakes,NA,NA,NA,Brown Down Chicken Pie,Plum Meringue Pie,7,OUT
Jason,2,6,NA,NA,NA,NA,NA,NA,NA,NA
Jason,2,7,NA,NA,NA,NA,NA,NA,NA,NA
Jason,2,8,NA,NA,NA,NA,NA,NA,NA,NA
Jason,2,NA,bakers,19,Civil Engineering Student,Croydon,NA,NA,NA,NA
Jo,2,NA,bakers,41,Housewife,"Ongar, Essex",NA,NA,NA,NA
Joanne,2,1,NA,NA,NA,NA,NA,NA,11,IN
Joanne,2,2,NA,NA,NA,NA,NA,NA,10,IN
Joanne,2,3,NA,NA,NA,NA,NA,NA,1,IN
Joanne,2,4,NA,NA,NA,NA,NA,NA,8,IN
Joanne,2,5,NA,NA,NA,NA,NA,NA,6,IN
Joanne,2,6,NA,NA,NA,NA,NA,NA,1,STAR BAKER
Joanne,2,7,NA,NA,NA,NA,NA,NA,3,IN
Joanne,2,8,NA,NA,NA,NA,NA,NA,1,WINNER
John,3,1,bakes,NA,NA,NA,"Toffee Apple, Orange & Cranberry",Hidden Pink Hearts Cake,11,IN
John,3,2,bakes,NA,NA,NA,"Coriander and Chilli RotisGarlic, Pomegranate and Potato Pitas","Fig, Walnut and Gruyere Bagels
Blueberry and White Chocolate Bagels",1,STAR BAKER
John,3,3,bakes,NA,NA,NA,Apple and Vanilla Tarte Tatin with Walnut Praline,"Berries, Grapes, Pomegranate, and Dragon Fruit Tart",6,IN
John,3,4,bakes,NA,NA,NA,'Torte Noir' Black Forest Torte with Boozy Cream,Elderflower and Bramble Berry Pavlova,6,IN
John,3,5,bakes,NA,NA,NA,Venison and Haggis Wellington,Star-Spangled Pecan Pie,2,IN
John,3,6,bakes,NA,NA,NA,Spicy Toffee PuddingsRaspberry and White Chocolate Puddings,Did not complete due to injury,5,IN
John,3,7,bakes,NA,NA,NA,Cherry and Almond Saffron Buns,Marzipan Stollen,3,IN
John,3,8,bakes,NA,NA,NA,Asian Spice Crackers,Gingerbread Roman Coliseum,3,IN
John,3,9,bakes,NA,NA,NA,Lemon MadeleinesWhite Chocolate and Raspberry TartletsDark Chocolate and Cherry Macaroons,Gateau St. Honoré a la Passion,2,IN
John,3,10,bakes,NA,NA,NA,Italian Sausage and Roasted Vegetable Pithivier,Heaven and Hell Chiffon Cake,2,WINNER
John,3,NA,bakers,22,Law student,Wigan,NA,NA,NA,NA
Jon,9,1,NA,NA,NA,NA,NA,NA,5,IN
Jon,9,2,NA,NA,NA,NA,NA,NA,1,IN
Jon,9,3,NA,NA,NA,NA,NA,NA,2,IN
Jon,9,4,NA,NA,NA,NA,NA,NA,3,IN
Jon,9,5,NA,NA,NA,NA,NA,NA,7,IN
Jon,9,6,NA,NA,NA,NA,NA,NA,2,IN
Jon,9,7,NA,NA,NA,NA,NA,NA,4,OUT
Jon,9,8,NA,NA,NA,NA,NA,NA,NA,NA
Jon,9,9,NA,NA,NA,NA,NA,NA,NA,NA
Jon,9,10,NA,NA,NA,NA,NA,NA,NA,NA
Jon,9,NA,bakers,47,Blood courier,Newport,NA,NA,NA,NA
Jonathan,1,1,bakes,NA,NA,NA,Carrot Cake with Lime and Cream Cheese Icing,Three Tiered White and Dark Chocolate with Almond and Cherry,9,IN
Jonathan,1,2,bakes,NA,NA,NA,Honey and Candied Ginger Cookies,Meringues with Whiskey Cream,1,IN
Jonathan,1,3,bakes,NA,NA,NA,"Anchovy, Sweet Paprika and Oregano Bread","Sticky Lemon Honey Bun
Olive and Anchovy Roll
Sundried Tomatoes and Fresh Herbs Roll
Stilton, Walnut and Apple Roll
Cinnamon and Cardamom Chelsea Bun",6,OUT
Jonathan,1,4,NA,NA,NA,NA,NA,NA,NA,NA
Jonathan,1,5,NA,NA,NA,NA,NA,NA,NA,NA
Jonathan,1,6,NA,NA,NA,NA,NA,NA,NA,NA
Jonathan,1,NA,bakers,25,Research Analyst,St Albans,NA,NA,NA,NA
Jordan,5,1,bakes,NA,NA,NA,Kawaii Frasier Swiss Roll,Lemon Drizzle Cakes with Blueberry and Lemon Curd,12,IN
Jordan,5,2,bakes,NA,NA,NA,"Sourdough, Parmesan and Chilli Biscuits",Monster Attack,6,IN
Jordan,5,3,bakes,NA,NA,NA,Rye and Spelt Bread Rolls,Strawberry Raspberry Cheesecake Brioche,10,OUT
Jordan,5,4,NA,NA,NA,NA,NA,NA,NA,NA
Jordan,5,5,NA,NA,NA,NA,NA,NA,NA,NA
Jordan,5,6,NA,NA,NA,NA,NA,NA,NA,NA
Jordan,5,7,NA,NA,NA,NA,NA,NA,NA,NA
Jordan,5,8,NA,NA,NA,NA,NA,NA,NA,NA
Jordan,5,9,NA,NA,NA,NA,NA,NA,NA,NA
Jordan,5,10,NA,NA,NA,NA,NA,NA,NA,NA
Jordan,5,NA,bakers,32,IT Manager,"Sneinton, Nottingham",NA,NA,NA,NA
Julia,8,1,bakes,NA,NA,NA,Courgette and Lemon Cake,'Russian Doll' Cake,3,IN
Julia,8,2,bakes,NA,NA,NA,Middle Eastern Delight Sandwich Biscuits,'A British Baking' Game,4,IN
Julia,8,3,bakes,NA,NA,NA,Earl Grey Dried Fruit Teacakes,'The Snail Under a Mushroom' Bread Sculpture,2,STAR BAKER
Julia,8,4,bakes,NA,NA,NA,Pecan Salted Caramel Millionaire Shortbreads,Poppy Seed Caramel Cake,9,IN
Julia,8,5,bakes,NA,NA,NA,Orange & Treacle Steamed School Pudding,'Opulent Ornament' Trifle Terrine,3,IN
Julia,8,6,bakes,NA,NA,NA,'Pies from the Tree' Decorative Pies,'Special Occasion' Pie,7,OUT
Julia,8,7,NA,NA,NA,NA,NA,NA,NA,NA
Julia,8,8,NA,NA,NA,NA,NA,NA,NA,NA
Julia,8,9,NA,NA,NA,NA,NA,NA,NA,NA
Julia,8,10,NA,NA,NA,NA,NA,NA,NA,NA
Julia,8,NA,bakers,21,Aviation Broker,"Crawley, West Sussex",NA,NA,NA,NA
Karen,9,1,NA,NA,NA,NA,NA,NA,6,IN
Karen,9,2,NA,NA,NA,NA,NA,NA,11,IN
Karen,9,3,NA,NA,NA,NA,NA,NA,5,IN
Karen,9,4,NA,NA,NA,NA,NA,NA,7,IN
Karen,9,5,NA,NA,NA,NA,NA,NA,9,OUT
Karen,9,6,NA,NA,NA,NA,NA,NA,NA,NA
Karen,9,7,NA,NA,NA,NA,NA,NA,NA,NA
Karen,9,8,NA,NA,NA,NA,NA,NA,NA,NA
Karen,9,9,NA,NA,NA,NA,NA,NA,NA,NA
Karen,9,10,NA,NA,NA,NA,NA,NA,NA,NA
Karen,9,NA,bakers,60,In-store sampling assistant,Wakefield,NA,NA,NA,NA
Kate,5,1,bakes,NA,NA,NA,Red Velvet and White Chocolate Swiss Roll,Mini Tiered Victoria Sponges,6,IN
Kate,5,2,bakes,NA,NA,NA,Parmesan and Apple Biscuits,Tea Time,4,IN
Kate,5,3,bakes,NA,NA,NA,Orange and Cardamom Rye Bread Knots,"Prosciutto, Olive and Coriander Bread",1,IN
Kate,5,4,bakes,NA,NA,NA,Chocolate and Salted Caramel Molten Puddings,"Pistachio, Raspberry and Chocolate Baked Alaska",7,IN
Kate,5,5,bakes,NA,NA,NA,Rhubarb and Custard Tart,"Rhubarb, Prune and Apple Pies",3,STAR BAKER
Kate,5,6,bakes,NA,NA,NA,"Pecan, Chocolate and Sour Cherry Yeast Cake",Trio of Dobos Tortes,6,IN
Kate,5,7,bakes,NA,NA,NA,Spinach and Paneer Spicy Samosa,Neapolitan & Lemon Meringue Éclairs,4,OUT
Kate,5,8,NA,NA,NA,NA,NA,NA,NA,NA
Kate,5,9,NA,NA,NA,NA,NA,NA,NA,NA
Kate,5,10,NA,NA,NA,NA,NA,NA,NA,NA
Kate,5,NA,bakers,41,Furniture Restorer,"Brighton, East Sussex",NA,NA,NA,NA
Kate,7,1,bakes,NA,NA,NA,Berry Best Apple and Bramble Drizzle Cake,One Swallow Does Not Make A Summer Cake,4,IN
Kate,7,2,bakes,NA,NA,NA,"""A Biscuit for the Broads""","""I Promise I will do my best""",1,IN
Kate,7,3,bakes,NA,NA,NA,Cobbled Loaf,The Corn Maiden,8,IN
Kate,7,4,bakes,NA,NA,NA,Christmas Dinner Compromise,Hot Cross Bunny Churros,7,OUT
Kate,7,5,NA,NA,NA,NA,NA,NA,NA,NA
Kate,7,6,NA,NA,NA,NA,NA,NA,NA,NA
Kate,7,7,NA,NA,NA,NA,NA,NA,NA,NA
Kate,7,8,NA,NA,NA,NA,NA,NA,NA,NA
Kate,7,9,NA,NA,NA,NA,NA,NA,NA,NA
Kate,7,10,NA,NA,NA,NA,NA,NA,NA,NA
Kate,7,NA,bakers,37,Nurse,"Brooke, Norfolk",NA,NA,NA,NA
Kate,8,1,bakes,NA,NA,NA,Moroccan Strawberry and Rose Cake,'Chocolate Terrarium' Cake,1,IN
Kate,8,2,bakes,NA,NA,NA,Coconut Seashells for a Titanic Afternoon Tea,'Jungle' Game,8,IN
Kate,8,3,bakes,NA,NA,NA,Blueberry Buns,'Kraken' Bread Sculpture,10,IN
Kate,8,4,bakes,NA,NA,NA,Salted Bay Caramel Millionaire Shortbreads,Sticky Toffee Apple Caramel Cake,6,STAR BAKER
Kate,8,5,bakes,NA,NA,NA,'Mr Darcy's Steamy Lake Scene' Steamed School Pudding,'My Great Great Nan's' Raspberry Trifle Terrine,8,IN
Kate,8,6,bakes,NA,NA,NA,'Vegetarian Pie Faces' Decorative Pies,Potato Curry Pie with Mango & Chilli Glaze,5,IN
Kate,8,7,bakes,NA,NA,NA,'Happy Hour' Cocktail Cannoli,'Flavour Fusion' Sfogliatelle,6,IN
Kate,8,8,bakes,NA,NA,NA,Burrito Bedfordshire Clangers,'Liver Building Turret' Savoy Cake,2,IN
Kate,8,9,bakes,NA,NA,NA,Bellini and Valencian Orange Choux Buns,'Rainbow' Meringue Centrepiece,4,IN
Kate,8,10,bakes,NA,NA,NA,"Roman Spelt, Coconut Kala Chana and Flower Breads","White Chocolate, Yuzu and Lychee Entremet",3,Runner-up
Kate,8,NA,bakers,29,Health and safety inspector,Merseyside,NA,NA,NA,NA
Keith,2,1,bakes,NA,NA,NA,Earl Grey Cupcakes,Chocolate and Sour Cream Cake,12,OUT
Keith,2,2,NA,NA,NA,NA,NA,NA,NA,NA
Keith,2,3,NA,NA,NA,NA,NA,NA,NA,NA
Keith,2,4,NA,NA,NA,NA,NA,NA,NA,NA
Keith,2,5,NA,NA,NA,NA,NA,NA,NA,NA
Keith,2,6,NA,NA,NA,NA,NA,NA,NA,NA
Keith,2,7,NA,NA,NA,NA,NA,NA,NA,NA
Keith,2,8,NA,NA,NA,NA,NA,NA,NA,NA
Keith,2,NA,bakers,31,House husband,"Arlesey, Bedfordshire",NA,NA,NA,NA
Kim-Joy,9,1,NA,NA,NA,NA,NA,NA,10,IN
Kim-Joy,9,2,NA,NA,NA,NA,NA,NA,4,IN
Kim-Joy,9,3,NA,NA,NA,NA,NA,NA,10,IN
Kim-Joy,9,4,NA,NA,NA,NA,NA,NA,6,IN
Kim-Joy,9,5,NA,NA,NA,NA,NA,NA,4,STAR BAKER
Kim-Joy,9,6,NA,NA,NA,NA,NA,NA,5,IN
Kim-Joy,9,7,NA,NA,NA,NA,NA,NA,6,STAR BAKER
Kim-Joy,9,8,NA,NA,NA,NA,NA,NA,2,IN
Kim-Joy,9,9,NA,NA,NA,NA,NA,NA,2,IN
Kim-Joy,9,10,NA,NA,NA,NA,NA,NA,1,Runner-up
Kim-Joy,9,NA,bakers,27,Mental health specialist,Leeds,NA,NA,NA,NA
Kimberley,4,1,bakes,NA,NA,NA,Blood Orange Cake,"Chocolate, Raspberry & Basil Layer Cake",10,IN
Kimberley,4,2,bakes,NA,NA,NA,Nigella Seed and Parmesan Breadsticks,Peace Bread,1,IN
Kimberley,4,3,bakes,NA,NA,NA,"Peach, Almond and Ginger Trifle",Chocolate Pistachio FinanciersLemon Bergamot Biscuits,6,IN
Kimberley,4,4,bakes,NA,NA,NA,Pecan and Rosemary Caramel Apple Pie,"Chicken, Bacon and Butternut Squash Pie",4,STAR BAKER
Kimberley,4,5,bakes,NA,NA,NA,Cherry and Almond Bakewell Florentine Slice,Black and White Viennese Biscuit Stack,7,IN
Kimberley,4,6,bakes,NA,NA,NA,Chai Spiced Ginger and Date Tea Loaf,Double Chocolate and Hazelnut BriochesDanish Kanelsnurrer,3,IN
Kimberley,4,7,bakes,NA,NA,NA,Barberry and Apple Spotted Dickwith Maple Syrup and White Chocolate Custard,"Pear, Malt and Butterscotch Mille-feuilleBlackberry and Lemon Verbena Crème Brûle Custard TartsFig, Orange and Thyme Galette",4,IN
Kimberley,4,8,bakes,NA,NA,NA,Wild Garlic Pesto and Parma Ham Spelt Loaf,Butternut Squash and Spice Cake Toadstool House,2,IN
Kimberley,4,9,bakes,NA,NA,NA,Pea Purée TartsCrab and Wasabi ProfiterolesSteamed Buns with Barbecue Chicken,Passion Fruit and Lime Opera Cake,1,STAR BAKER
Kimberley,4,10,bakes,NA,NA,NA,Chicken and Pig Pie,Languages of Love Wedding Cake,1,Runner-up
Kimberley,4,NA,bakers,30,Psychologist,London,NA,NA,NA,NA
Lea,1,1,bakes,NA,NA,NA,Cranberry and Pistachio Cakewith Orange Flower Water Icing,Raspberries and Cream filled Chocolatewith Chocolate-dipped Fresh Fruit,10,OUT
Lea,1,2,NA,NA,NA,NA,NA,NA,NA,NA
Lea,1,3,NA,NA,NA,NA,NA,NA,NA,NA
Lea,1,4,NA,NA,NA,NA,NA,NA,NA,NA
Lea,1,5,NA,NA,NA,NA,NA,NA,NA,NA
Lea,1,6,NA,NA,NA,NA,NA,NA,NA,NA
Lea,1,NA,bakers,51,Retired,"Midlothian, Scotland",NA,NA,NA,NA
Lee,7,1,bakes,NA,NA,NA,St. Clements Orange and Lemon Drizzle Cake,Strawberry Surprise Mirror Cake,11,OUT
Lee,7,2,NA,NA,NA,NA,NA,NA,NA,NA
Lee,7,3,NA,NA,NA,NA,NA,NA,NA,NA
Lee,7,4,NA,NA,NA,NA,NA,NA,NA,NA
Lee,7,5,NA,NA,NA,NA,NA,NA,NA,NA
Lee,7,6,NA,NA,NA,NA,NA,NA,NA,NA
Lee,7,7,NA,NA,NA,NA,NA,NA,NA,NA
Lee,7,8,NA,NA,NA,NA,NA,NA,NA,NA
Lee,7,9,NA,NA,NA,NA,NA,NA,NA,NA
Lee,7,10,NA,NA,NA,NA,NA,NA,NA,NA
Lee,7,NA,bakers,67,Pastor,Bolton,NA,NA,NA,NA
Liam,8,1,bakes,NA,NA,NA,Apple and Almond Crumble Maple Loaf,'Stackin' Sunday' Cake,8,IN
Liam,8,2,bakes,NA,NA,NA,Coffee Malted Pecan Shorties,'Classroom Classics' Game,7,IN
Liam,8,3,bakes,NA,NA,NA,Jamaican Spiced Teacakes,'Kneadapolitan' Bread Sculpture,5,IN
Liam,8,4,bakes,NA,NA,NA,Salted Peanut Butter Millionaire Shortbreads,White Layered Ginger Caramel Cake,3,IN
Liam,8,5,bakes,NA,NA,NA,Cherries & Lemons that are 'Baked Well','Cheers Lads' Trifle Terrine,2,IN
Liam,8,6,bakes,NA,NA,NA,'Standard FC' Decorative Pies,'Nan's Sunday Dinner' Pie,4,STAR BAKER
Liam,8,7,bakes,NA,NA,NA,'Just Doing Me' Cannoli,'Morning Delivery' Sfogliatelle,2,IN
Liam,8,8,bakes,NA,NA,NA,'Take Out' Bedfordshire Clangers,'Fort Wizardore' Savoy Cake,5,OUT
Liam,8,9,NA,NA,NA,NA,NA,NA,NA,NA
Liam,8,10,NA,NA,NA,NA,NA,NA,NA,NA
Liam,8,NA,bakers,19,Student,North London,NA,NA,NA,NA
Louise,1,1,bakes,NA,NA,NA,Carrot and Orange Cake,"Never Fail Chocolate Sponge Cake,with Fresh Fruit, White & Chocolate Cigarello Border",NA,IN
Louise,1,2,bakes,NA,NA,NA,Stained Glass Window Shortbread,"Strawberry, Mint, and Cream Meringues  Chocolate Eclairs / Orange, Yellow and Pink Macarons",4,OUT
Louise,1,3,NA,NA,NA,NA,NA,NA,NA,NA
Louise,1,4,NA,NA,NA,NA,NA,NA,NA,NA
Louise,1,5,NA,NA,NA,NA,NA,NA,NA,NA
Louise,1,6,NA,NA,NA,NA,NA,NA,NA,NA
Louise,1,NA,bakers,44,Police Officer,Manchester,NA,NA,NA,NA
Louise,7,1,bakes,NA,NA,NA,Orange Liqueur and Lemonade Drizzle Cake,White Chocolate Trifle Mirror Glaze Cake,9,IN
Louise,7,2,bakes,NA,NA,NA,Baa Bara Brith Biscuits,Gingerbread Wedding,10,OUT
Louise,7,3,NA,NA,NA,NA,NA,NA,NA,NA
Louise,7,4,NA,NA,NA,NA,NA,NA,NA,NA
Louise,7,5,NA,NA,NA,NA,NA,NA,NA,NA
Louise,7,6,NA,NA,NA,NA,NA,NA,NA,NA
Louise,7,7,NA,NA,NA,NA,NA,NA,NA,NA
Louise,7,8,NA,NA,NA,NA,NA,NA,NA,NA
Louise,7,9,NA,NA,NA,NA,NA,NA,NA,NA
Louise,7,10,NA,NA,NA,NA,NA,NA,NA,NA
Louise,7,NA,bakers,46,Hairdresser,Cardiff,NA,NA,NA,NA
Lucy,4,1,bakes,NA,NA,NA,Timperley Early Cake,Thyme 'Wildwood' Cake,2,IN
Lucy,4,2,bakes,NA,NA,NA,Grissini with Salt,Roast Tomato Bread,12,OUT
Lucy,4,3,NA,NA,NA,NA,NA,NA,NA,NA
Lucy,4,4,NA,NA,NA,NA,NA,NA,NA,NA
Lucy,4,5,NA,NA,NA,NA,NA,NA,NA,NA
Lucy,4,6,NA,NA,NA,NA,NA,NA,NA,NA
Lucy,4,7,NA,NA,NA,NA,NA,NA,NA,NA
Lucy,4,8,NA,NA,NA,NA,NA,NA,NA,NA
Lucy,4,9,NA,NA,NA,NA,NA,NA,NA,NA
Lucy,4,10,NA,NA,NA,NA,NA,NA,NA,NA
Lucy,4,NA,bakers,38,Horticulturist,"Grimsby, Lincolnshire",NA,NA,NA,NA
Luis,5,1,bakes,NA,NA,NA,Spanish Swiss Roll,Raspberry and Lemon Genoise Slices with Lemon Drizzles,7,IN
Luis,5,2,bakes,NA,NA,NA,Black Olive and Rosemary Biscuits with Caramelised Onion Glaze,George Versus The Dragon,3,IN
Luis,5,3,bakes,NA,NA,NA,Opposites Attract Rolls,Roscón de Reyes,2,STAR BAKER
Luis,5,4,bakes,NA,NA,NA,Pears in Puddings,Bakewell Alaska,2,IN
Luis,5,5,bakes,NA,NA,NA,Tropical Manchester Tart,Four Fruity Seasons Tower,6,IN
Luis,5,6,bakes,NA,NA,NA,Apple and Cinnamon Kugelhopf with Honeyed Apples,The Cage on the Rocky Hill,3,IN
Luis,5,7,bakes,NA,NA,NA,Childhood Empanadas,"Stars and Stripes Éclairs
(Blueberry Cheesecake & Peanut Butter and Jelly Éclairs)",5,IN
Luis,5,8,bakes,NA,NA,NA,Black Forest Cherry Tree,"Cocktail Doughnuts
(Mudslide & Raspberry Mojito)",2,IN
Luis,5,9,bakes,NA,NA,NA,Indian Rose BaklavaHalwa Baklava Rolls,"Chocolate Mousse & Cherry EntremetsPomegranate, Fig & Pistachio Sponges",1,IN
Luis,5,10,bakes,NA,NA,NA,"Apple, Walnut, Raisin and Cheshire Cheese ChaussonsPain au Chocolat Blanc with Raspberries and Cream Cheese",Village in Chocolate,2,Runner-up
Luis,5,NA,bakers,42,Graphic Designer,"Poynton, Cheshire",NA,NA,NA,NA
Luke,9,1,NA,NA,NA,NA,NA,NA,8,IN
Luke,9,2,NA,NA,NA,NA,NA,NA,7,OUT
Luke,9,3,NA,NA,NA,NA,NA,NA,NA,NA
Luke,9,4,NA,NA,NA,NA,NA,NA,NA,NA
Luke,9,5,NA,NA,NA,NA,NA,NA,NA,NA
Luke,9,6,NA,NA,NA,NA,NA,NA,NA,NA
Luke,9,7,NA,NA,NA,NA,NA,NA,NA,NA
Luke,9,8,NA,NA,NA,NA,NA,NA,NA,NA
Luke,9,9,NA,NA,NA,NA,NA,NA,NA,NA
Luke,9,10,NA,NA,NA,NA,NA,NA,NA,NA
Luke,9,NA,bakers,30,Civil servant/house and techno DJ,Sheffield,NA,NA,NA,NA
Manisha,3,1,bakes,NA,NA,NA,"Vanilla, Peach and Raspberry",White Chocolate Cake with a Red Velvet and White Chocolate Mousse Heart,6,IN
Manisha,3,2,bakes,NA,NA,NA,Indian FlatbreadsItalian Flatbreads,UNKNOWN,6,IN
Manisha,3,3,bakes,NA,NA,NA,"Cinnamon, Apple and Pear Tarte Tatin",Rum and Tropical Fruit Tart,10,IN
Manisha,3,4,bakes,NA,NA,NA,"Almond, Chocolate and Cherry Torte",Tiramisu Layered Meringue Dessert,9,IN
Manisha,3,5,bakes,NA,NA,NA,Lamb Wellington with Rosemary and Mint,Banana Scotch Pie,5,OUT
Manisha,3,6,NA,NA,NA,NA,NA,NA,NA,NA
Manisha,3,7,NA,NA,NA,NA,NA,NA,NA,NA
Manisha,3,8,NA,NA,NA,NA,NA,NA,NA,NA
Manisha,3,9,NA,NA,NA,NA,NA,NA,NA,NA
Manisha,3,10,NA,NA,NA,NA,NA,NA,NA,NA
Manisha,3,NA,bakers,27,Nursery nurse,Leicester,NA,NA,NA,NA
Manon,9,1,NA,NA,NA,NA,NA,NA,3,STAR BAKER
Manon,9,2,NA,NA,NA,NA,NA,NA,6,IN
Manon,9,3,NA,NA,NA,NA,NA,NA,3,IN
Manon,9,4,NA,NA,NA,NA,NA,NA,8,IN
Manon,9,5,NA,NA,NA,NA,NA,NA,5,IN
Manon,9,6,NA,NA,NA,NA,NA,NA,4,IN
Manon,9,7,NA,NA,NA,NA,NA,NA,2,IN
Manon,9,8,NA,NA,NA,NA,NA,NA,4,OUT
Manon,9,9,NA,NA,NA,NA,NA,NA,NA,NA
Manon,9,10,NA,NA,NA,NA,NA,NA,NA,NA
Manon,9,NA,bakers,26,Software project manager,London,NA,NA,NA,NA
Marie,6,1,bakes,NA,NA,NA,Zingy Citrus Madeira Cake,A Walk in the Black Forest,3,STAR BAKER
Marie,6,2,bakes,NA,NA,NA,Biscotti Italiano,Russian Box,11,OUT
Marie,6,3,NA,NA,NA,NA,NA,NA,NA,NA
Marie,6,4,NA,NA,NA,NA,NA,NA,NA,NA
Marie,6,5,NA,NA,NA,NA,NA,NA,NA,NA
Marie,6,6,NA,NA,NA,NA,NA,NA,NA,NA
Marie,6,7,NA,NA,NA,NA,NA,NA,NA,NA
Marie,6,8,NA,NA,NA,NA,NA,NA,NA,NA
Marie,6,9,NA,NA,NA,NA,NA,NA,NA,NA
Marie,6,10,NA,NA,NA,NA,NA,NA,NA,NA
Marie,6,NA,bakers,66,Retired,"Auchterarder, Perthshire",NA,NA,NA,NA
Mark,1,1,bakes,NA,NA,NA,Sticky Marmalade Tea Loaf,Heart-shaped Chocolate and Beetroot Cake with Store-Bought silver chocolate hearts and chocolate red and white roses.,NA,OUT
Mark,1,2,NA,NA,NA,NA,NA,NA,NA,NA
Mark,1,3,NA,NA,NA,NA,NA,NA,NA,NA
Mark,1,4,NA,NA,NA,NA,NA,NA,NA,NA
Mark,1,5,NA,NA,NA,NA,NA,NA,NA,NA
Mark,1,6,NA,NA,NA,NA,NA,NA,NA,NA
Mark,1,NA,bakers,48,Bus Driver,South Wales,NA,NA,NA,NA
Mark,4,1,bakes,NA,NA,NA,Lemon and Poppy Seed Cake,Chocolate Monster,5,IN
Mark,4,2,bakes,NA,NA,NA,Rosemary & Raisin Breadsticks,Sage & Garlic Plait,6,IN
Mark,4,3,bakes,NA,NA,NA,"Ginger, Mango and Passion Fruit Trifle",Rose and Pistachio MacaroonsChocolate and Raspberry Bites,11,OUT
Mark,4,4,NA,NA,NA,NA,NA,NA,NA,NA
Mark,4,5,NA,NA,NA,NA,NA,NA,NA,NA
Mark,4,6,NA,NA,NA,NA,NA,NA,NA,NA
Mark,4,7,NA,NA,NA,NA,NA,NA,NA,NA
Mark,4,8,NA,NA,NA,NA,NA,NA,NA,NA
Mark,4,9,NA,NA,NA,NA,NA,NA,NA,NA
Mark,4,10,NA,NA,NA,NA,NA,NA,NA,NA
Mark,4,NA,bakers,37,Carpenter and Kitchen Fitter,Milton Keynes,NA,NA,NA,NA
Martha,5,1,bakes,NA,NA,NA,Tiramisu Swiss Roll,Mini Lemon and Thyme Drizzle Cakes,2,IN
Martha,5,2,bakes,NA,NA,NA,Caramelised Onion and Goat's Cheese Sandwich Biscuits,Ski Village Scene,5,IN
Martha,5,3,bakes,NA,NA,NA,Date and Walnut Rye Rolls,Stuffed Sunflower Loaf,3,IN
Martha,5,4,bakes,NA,NA,NA,Peanut Butter Chocolate Fondants,Key Lime Baked Alaska,1,IN
Martha,5,5,bakes,NA,NA,NA,"Pistachio, Apricot and Honey Custard Tart",Three Little Pigs Pie,1,IN
Martha,5,6,bakes,NA,NA,NA,Dark Chocolate and Almond Liqueur Savarin,Chess-Themed Chocolate and Salted Caramel Dobos Torte,4,IN
Martha,5,7,bakes,NA,NA,NA,Mini Beef Wellingtons,Rhubarb and Custard & Maple Syrup and Bacon Éclairs,3,IN
Martha,5,8,bakes,NA,NA,NA,Spiced Plum Iced Bread Swirl,Glazed Lemon & Poppy Seed DoughnutsChocolate & Passion Fruit Doughnuts,5,OUT
Martha,5,9,NA,NA,NA,NA,NA,NA,NA,NA
Martha,5,10,NA,NA,NA,NA,NA,NA,NA,NA
Martha,5,NA,bakers,17,Student,"Ascot, Berkshire",NA,NA,NA,NA
Mary-Anne,2,1,bakes,NA,NA,NA,Banoffee Cupcakes,Chocolate and Raspberry Opera cake,4,IN
Mary-Anne,2,2,bakes,NA,NA,NA,"Roasted Cauliflower, Cheese andCaramelised Onion Quiche",Butterscotch Brulée Tarts in Pecan PastryApple Rose Tarts,9,IN
Mary-Anne,2,3,bakes,NA,NA,NA,Ploughman's Loaf,Herb and Walnut BreadsChocolate and Chilli Buns,5,IN
Mary-Anne,2,4,bakes,NA,NA,NA,Melting Moments,Blackcurrant and Mint MacaronsGooseberry and Elderflower MacaronsHazelnut Macarons,2,IN
Mary-Anne,2,5,bakes,NA,NA,NA,Chicken and Bacon Pie,Midnight Meringue,2,IN
Mary-Anne,2,6,bakes,NA,NA,NA,Tutti Fruitti Curd Baked Cheesecake,Orange and Praline Croquembouche with Cardamom Caramel,4,IN
Mary-Anne,2,7,bakes,NA,NA,NA,Chocolate and Orange Mousse Cake,Raspberry Rose DanishesPraline SpiralsAlsatian Plaited Danishes,2,IN
Mary-Anne,2,8,bakes,NA,NA,NA,Lemon and Ginger Mille Feuille,Fruit Tarts with Elderflower CustardStrawberry and Rhubarb CheesecakesBlack Fruit Meringue with Everlasting Syllabub,3,Runner-up
Mary-Anne,2,NA,bakers,45,Housewife,"Kidderminster, Worcestershire",NA,NA,NA,NA
Mat,6,1,bakes,NA,NA,NA,Gin and Tonic Madeira Cake,Black Forest Gateau,7,IN
Mat,6,2,bakes,NA,NA,NA,"Pistachio, Cranberry and White Chocolate Biscotti",Gingerbread Fire Engine,5,IN
Mat,6,3,bakes,NA,NA,NA,"Jalapeño, Mexican Cheddar and Smoked Salt Soda Breads",Curry Inspired Brighton Pavilion,8,IN
Mat,6,4,bakes,NA,NA,NA,Coconut Crème Brûlées,Chocolate Bar Cheesecakes,7,IN
Mat,6,5,bakes,NA,NA,NA,Sugar Free Carrot Cake,Raspberry and Coconut Ice Cream Roll,4,IN
Mat,6,6,bakes,NA,NA,NA,Piña Colada Frangipane Tart,His 'n' Hers Vol-au-vents,1,STAR BAKER
Mat,6,7,bakes,NA,NA,NA,Raised Venison and Pigeon Pie,Strawberry Charlotte Russe,6,OUT
Mat,6,8,NA,NA,NA,NA,NA,NA,NA,NA
Mat,6,9,NA,NA,NA,NA,NA,NA,NA,NA
Mat,6,10,NA,NA,NA,NA,NA,NA,NA,NA
Mat,6,NA,bakers,37,Fire fighter,London,NA,NA,NA,NA
Michael,7,1,bakes,NA,NA,NA,"Lime, Ginger and Honey Drizzle Cake",Matcha Tea Chocolate Mirror Glaze,3,IN
Michael,7,2,bakes,NA,NA,NA,"Malt, Chocolate and Orange Iced ""Beer"" Biscuits",Trip to See Santa in Lapland,9,IN
Michael,7,3,bakes,NA,NA,NA,Chocolate and Chilli Swirl Plait,Cypriot Dove and Olive Branch Plaited Loaf with Houmous,7,OUT
Michael,7,4,NA,NA,NA,NA,NA,NA,NA,NA
Michael,7,5,NA,NA,NA,NA,NA,NA,NA,NA
Michael,7,6,NA,NA,NA,NA,NA,NA,NA,NA
Michael,7,7,NA,NA,NA,NA,NA,NA,NA,NA
Michael,7,8,NA,NA,NA,NA,NA,NA,NA,NA
Michael,7,9,NA,NA,NA,NA,NA,NA,NA,NA
Michael,7,10,NA,NA,NA,NA,NA,NA,NA,NA
Michael,7,NA,bakers,20,Student,Durham,NA,NA,NA,NA
Michael,10,1,NA,NA,NA,NA,NA,NA,11,IN
Michael,10,2,NA,NA,NA,NA,NA,NA,4,IN
Michael,10,3,NA,NA,NA,NA,NA,NA,6,STAR BAKER
Michael,10,4,NA,NA,NA,NA,NA,NA,7,IN
Michael,10,5,NA,NA,NA,NA,NA,NA,8,IN
Michael,10,6,NA,NA,NA,NA,NA,NA,6,IN
Michael,10,7,NA,NA,NA,NA,NA,NA,5,OUT
Michael,10,8,NA,NA,NA,NA,NA,NA,NA,NA
Michael,10,9,NA,NA,NA,NA,NA,NA,NA,NA
Michael,10,10,NA,NA,NA,NA,NA,NA,NA,NA
Michael,10,NA,bakers,26,Theatre manager/fitness instructor,Stratford-upon-Avon,NA,NA,NA,NA
Michelle,10,1,NA,NA,NA,NA,NA,NA,6,STAR BAKER
Michelle,10,2,NA,NA,NA,NA,NA,NA,8,IN
Michelle,10,3,NA,NA,NA,NA,NA,NA,5,IN
Michelle,10,4,NA,NA,NA,NA,NA,NA,5,IN
Michelle,10,5,NA,NA,NA,NA,NA,NA,7,OUT
Michelle,10,6,NA,NA,NA,NA,NA,NA,NA,NA
Michelle,10,7,NA,NA,NA,NA,NA,NA,NA,NA
Michelle,10,8,NA,NA,NA,NA,NA,NA,NA,NA
Michelle,10,9,NA,NA,NA,NA,NA,NA,NA,NA
Michelle,10,10,NA,NA,NA,NA,NA,NA,NA,NA
Michelle,10,NA,bakers,35,Print shop administrator,"Tenby, Wales",NA,NA,NA,NA
Miranda,1,1,bakes,NA,NA,NA,"Triple Layered Brownie Meringue Cake
with Raspberry Cream",Three Tiered Chocolate Fudge Cake  with Handmade Chocolate Button Decorations,8,IN
Miranda,1,2,bakes,NA,NA,NA,Fresh Vanilla Biscuits with Royal Icing,Pistachio Macarons,3,IN
Miranda,1,3,bakes,NA,NA,NA,Walnut and Apricot Bread,"Lemon Iced Buns
Chocolate and Orange Buns",3,IN
Miranda,1,4,bakes,NA,NA,NA,Sticky Toffee Pudding,"Queen of Puddings, Chocolate Pear Roly Poly, Strawberry and Rhubarb Crumble",1,IN
Miranda,1,5,bakes,NA,NA,NA,"Summery Salmon, Cod and Prawn Fish Pie","Chocolate Pastry filled with Orange Cheesecake  Chocolate Pastry filled with Milk Chocolate Ganche  Strawberry Tart with Red Currant Glaze  Cheesy Crab, Broad Bean and Tomato, Pancetta Risotto Canapés",1,IN
Miranda,1,6,bakes,NA,NA,NA,Lemon Cupcake,Eliminated after signature,NA,Runner-up
Miranda,1,NA,bakers,37,Food buyer for Marks & Spencer,"Midhurst, West Sussex",NA,NA,NA,NA
Nadiya,6,1,bakes,NA,NA,NA,Orange and Green Cardamom Madeira Cake,Quadruple Chocolate Black Forest Gâteau,12,IN
Nadiya,6,2,bakes,NA,NA,NA,"Coconut, Fennel and Pistachio Biscotti",Box of Fortunes,9,IN
Nadiya,6,3,bakes,NA,NA,NA,Mexican Bread with Warm Tomato Salsa,Snake Charmer's Basket,9,IN
Nadiya,6,4,bakes,NA,NA,NA,Cinnamon Tea Crème Brûlées,Fizzy Pop Cheesecakes,8,IN
Nadiya,6,5,bakes,NA,NA,NA,Naked Blueberry and Caraway Crunch Cake,Chocolate and Strawberry Lime Ice Cream Roll,1,STAR BAKER
Nadiya,6,6,bakes,NA,NA,NA,"Bay Leaf, Rong Tea and Pear Tart",Bengali Korma and Clementine with Cod Vol-au-vents,4,IN
Nadiya,6,7,bakes,NA,NA,NA,Aromatic Raised Game Pie,Mango and Raspberry Charlotte Russe,1,IN
Nadiya,6,8,bakes,NA,NA,NA,Rose Pistachio and Mocha Hazelnut Horns,Bubble Gum and Peppermint Cream Religieuse à l'ancienne,1,STAR BAKER
Nadiya,6,9,bakes,NA,NA,NA,Peanut Salted Caramel and Chocolate Tart,Peacock in Nan's Door,4,STAR BAKER
Nadiya,6,10,bakes,NA,NA,NA,Cardamom and Almond Buns & Nutmeg and Sour Cherry Fingers,My Big Fat British Wedding Cake,1,WINNER
Nadiya,6,NA,bakers,30,Full-time mother,Leeds / Luton,NA,NA,NA,NA
Nancy,5,1,bakes,NA,NA,NA,Coffee and Hazelnut Swiss Roll,Jaffa Orange Cakes,1,STAR BAKER
Nancy,5,2,bakes,NA,NA,NA,Fennel and Rye Thins,Hansel and Gretel Scene,2,IN
Nancy,5,3,bakes,NA,NA,NA,Cider and Walnut Crusty Rolls,'Full English' Stromboli,5,IN
Nancy,5,4,bakes,NA,NA,NA,Pistachio Puddings with Chocolate Sauce,Summer Pudding Alaska,4,IN
Nancy,5,5,bakes,NA,NA,NA,Chocolate Crusted Passion Fruit Tart,Trio of Apple Pies,4,IN
Nancy,5,6,bakes,NA,NA,NA,Rum Punch Savarin with Coconut Cream and Tropical Fruits,Chocolate and Caramel Dobos Torte,1,IN
Nancy,5,7,bakes,NA,NA,NA,Spicy Duck Pasties,Smoked Salmon and Horseradish & Raspberry Ripple Éclairs,2,IN
Nancy,5,8,bakes,NA,NA,NA,Lincolnshire Plum Braid,"Doughnut Family Tree
(Limoncello and Almond & Milk Chocolate and Orange)",3,IN
Nancy,5,9,bakes,NA,NA,NA,Coffee and Chocolate BaklavaBreakfast Baklava,Raspberry NonnettesLime and Passion Fruit Entremets,3,IN
Nancy,5,10,bakes,NA,NA,NA,Apple and Lemon KitesRaspberry and Almond Croissants,Red Windmill,1,WINNER
Nancy,5,NA,bakers,60,Retired Practice Manager,"Barton-upon-Humber, Lincolnshire",NA,NA,NA,NA
Natasha,3,1,bakes,NA,NA,NA,Pineapple & Passion Fruit,Mother's Day Layered Rose Cake,12,OUT
Natasha,3,2,NA,NA,NA,NA,NA,NA,NA,NA
Natasha,3,3,NA,NA,NA,NA,NA,NA,NA,NA
Natasha,3,4,NA,NA,NA,NA,NA,NA,NA,NA
Natasha,3,5,NA,NA,NA,NA,NA,NA,NA,NA
Natasha,3,6,NA,NA,NA,NA,NA,NA,NA,NA
Natasha,3,7,NA,NA,NA,NA,NA,NA,NA,NA
Natasha,3,8,NA,NA,NA,NA,NA,NA,NA,NA
Natasha,3,9,NA,NA,NA,NA,NA,NA,NA,NA
Natasha,3,10,NA,NA,NA,NA,NA,NA,NA,NA
Natasha,3,NA,bakers,36,Midwife,"Tamworth, Staffordshire",NA,NA,NA,NA
Norman,5,1,bakes,NA,NA,NA,Black Forest Swiss Roll,Almond and Raspberry Mini Cakes,11,IN
Norman,5,2,bakes,NA,NA,NA,Farthing Biscuits,Zulu Boats at Dawn,10,IN
Norman,5,3,bakes,NA,NA,NA,Rye Bread Rolls,Chicken and Roasted Vegetable Picnic Loaf,4,IN
Norman,5,4,bakes,NA,NA,NA,Mini Sticky Toffee Puddings,Baked Alaska with Strawberry Surprise,8,IN
Norman,5,5,bakes,NA,NA,NA,Tarte au Citron,Pieful Tower,5,OUT
Norman,5,6,NA,NA,NA,NA,NA,NA,NA,NA
Norman,5,7,NA,NA,NA,NA,NA,NA,NA,NA
Norman,5,8,NA,NA,NA,NA,NA,NA,NA,NA
Norman,5,9,NA,NA,NA,NA,NA,NA,NA,NA
Norman,5,10,NA,NA,NA,NA,NA,NA,NA,NA
Norman,5,NA,bakers,66,Retired Naval Officer,"Portknockie, Moray",NA,NA,NA,NA
Paul,6,1,bakes,NA,NA,NA,"Lemon, Ginger and Caraway Seed Madeira Cake",Black Forest Chocolate Creation,10,IN
Paul,6,2,bakes,NA,NA,NA,"Chocolate, Hazelnut and Fig Biscotti",Memory Box,10,IN
Paul,6,3,bakes,NA,NA,NA,Cranberry and Orange Sweet Soda Breads,King of the Jungle,10,IN
Paul,6,4,bakes,NA,NA,NA,Almond Crème Brûlées,Berry Cheesecake Tower,1,IN
Paul,6,5,bakes,NA,NA,NA,Carrot & Pecan Cake,Dessert Island Getaway,2,IN
Paul,6,6,bakes,NA,NA,NA,Christmas Frangipane Tart,Savoury and Sweet Bouchées,5,IN
Paul,6,7,bakes,NA,NA,NA,Not a Boaring Pie,Charlotte Rose,2,IN
Paul,6,8,bakes,NA,NA,NA,Café Tipple & Banana Crunch-away Horns,Religieuse à l'ancienne,5,OUT
Paul,6,9,NA,NA,NA,NA,NA,NA,NA,NA
Paul,6,10,NA,NA,NA,NA,NA,NA,NA,NA
Paul,6,NA,bakers,49,Prison governor,"Swansea, Wales",NA,NA,NA,NA
Peter,3,1,bakes,NA,NA,NA,"Pear, Muscat & Chocolate",Jubilee Cake,3,IN
Peter,3,2,bakes,NA,NA,NA,Fennel and Nigella Seed NaanBannock Bread,"Rosemary and Sea Salt Bagels
Apple and Cinnamon Bagels",11,OUT
Peter,3,3,NA,NA,NA,NA,NA,NA,NA,NA
Peter,3,4,NA,NA,NA,NA,NA,NA,NA,NA
Peter,3,5,NA,NA,NA,NA,NA,NA,NA,NA
Peter,3,6,NA,NA,NA,NA,NA,NA,NA,NA
Peter,3,7,NA,NA,NA,NA,NA,NA,NA,NA
Peter,3,8,NA,NA,NA,NA,NA,NA,NA,NA
Peter,3,9,NA,NA,NA,NA,NA,NA,NA,NA
Peter,3,10,NA,NA,NA,NA,NA,NA,NA,NA
Peter,3,NA,bakers,43,Sales manager,"Windsor, Berkshire",NA,NA,NA,NA
Peter,8,1,bakes,NA,NA,NA,Coconut Cake,'Bread on a Breadboard' Cake,10,OUT
Peter,8,2,NA,NA,NA,NA,NA,NA,NA,NA
Peter,8,3,NA,NA,NA,NA,NA,NA,NA,NA
Peter,8,4,NA,NA,NA,NA,NA,NA,NA,NA
Peter,8,5,NA,NA,NA,NA,NA,NA,NA,NA
Peter,8,6,NA,NA,NA,NA,NA,NA,NA,NA
Peter,8,7,NA,NA,NA,NA,NA,NA,NA,NA
Peter,8,8,NA,NA,NA,NA,NA,NA,NA,NA
Peter,8,9,NA,NA,NA,NA,NA,NA,NA,NA
Peter,8,10,NA,NA,NA,NA,NA,NA,NA,NA
Peter,8,NA,bakers,52,IT programme manager,"Southend, Essex",NA,NA,NA,NA
Phil,10,1,NA,NA,NA,NA,NA,NA,8,IN
Phil,10,2,NA,NA,NA,NA,NA,NA,3,IN
Phil,10,3,NA,NA,NA,NA,NA,NA,10,IN
Phil,10,4,NA,NA,NA,NA,NA,NA,6,OUT
Phil,10,5,NA,NA,NA,NA,NA,NA,NA,NA
Phil,10,6,NA,NA,NA,NA,NA,NA,NA,NA
Phil,10,7,NA,NA,NA,NA,NA,NA,NA,NA
Phil,10,8,NA,NA,NA,NA,NA,NA,NA,NA
Phil,10,9,NA,NA,NA,NA,NA,NA,NA,NA
Phil,10,10,NA,NA,NA,NA,NA,NA,NA,NA
Phil,10,NA,bakers,56,HGV driver,Rainham,NA,NA,NA,NA
Priya,10,1,NA,NA,NA,NA,NA,NA,7,IN
Priya,10,2,NA,NA,NA,NA,NA,NA,7,IN
Priya,10,3,NA,NA,NA,NA,NA,NA,4,IN
Priya,10,4,NA,NA,NA,NA,NA,NA,10,IN
Priya,10,5,NA,NA,NA,NA,NA,NA,2,IN
Priya,10,6,NA,NA,NA,NA,NA,NA,7,OUT
Priya,10,7,NA,NA,NA,NA,NA,NA,NA,NA
Priya,10,8,NA,NA,NA,NA,NA,NA,NA,NA
Priya,10,9,NA,NA,NA,NA,NA,NA,NA,NA
Priya,10,10,NA,NA,NA,NA,NA,NA,NA,NA
Priya,10,NA,bakers,34,Marketing consultant,Leicester,NA,NA,NA,NA
Rahul,9,1,NA,NA,NA,NA,NA,NA,7,IN
Rahul,9,2,NA,NA,NA,NA,NA,NA,2,STAR BAKER
Rahul,9,3,NA,NA,NA,NA,NA,NA,4,STAR BAKER
Rahul,9,4,NA,NA,NA,NA,NA,NA,4,IN
Rahul,9,5,NA,NA,NA,NA,NA,NA,3,IN
Rahul,9,6,NA,NA,NA,NA,NA,NA,3,IN
Rahul,9,7,NA,NA,NA,NA,NA,NA,1,IN
Rahul,9,8,NA,NA,NA,NA,NA,NA,5,IN
Rahul,9,9,NA,NA,NA,NA,NA,NA,4,IN
Rahul,9,10,NA,NA,NA,NA,NA,NA,2,WINNER
Rahul,9,NA,bakers,30,Research scientist,Rotherham,NA,NA,NA,NA
Rav,7,1,bakes,NA,NA,NA,Ginger Spice Yuzu Drizzle Cake,Colombian Mocha Mirror Glaze Cake,8,IN
Rav,7,2,bakes,NA,NA,NA,Union Jack Bunting Biscuits,Gingerbread Christmas Fairground,6,IN
Rav,7,3,bakes,NA,NA,NA,"Chocolate, Cardamom and Hazelnut Loaf",Three Tier Diwali Bread Centrepiece,10,IN
Rav,7,4,bakes,NA,NA,NA,Thai Tofu Panang Yorkshires,Three Dip Matcha Pistachio Churros,9,IN
Rav,7,5,bakes,NA,NA,NA,"Cinnamon Swirls and Pecan, Walnut and Maple Plaits",Chinese Style Prawn Filo Tartlets and Spiced White Chocolate and Hazelnut Samosas,8,IN
Rav,7,6,bakes,NA,NA,NA,Mandarin Margarita Meringue Pie,Blossom Cake,3,OUT
Rav,7,7,NA,NA,NA,NA,NA,NA,NA,NA
Rav,7,8,NA,NA,NA,NA,NA,NA,NA,NA
Rav,7,9,NA,NA,NA,NA,NA,NA,NA,NA
Rav,7,10,NA,NA,NA,NA,NA,NA,NA,NA
Rav,7,NA,bakers,28,Student support,Erith,NA,NA,NA,NA
Richard,5,1,bakes,NA,NA,NA,Pistachio and Strawberry Swiss Roll,Miniature Coffee & Walnut Cakes,10,IN
Richard,5,2,bakes,NA,NA,NA,Rosemary Seeded Crackers,Pirates!,1,STAR BAKER
Richard,5,3,bakes,NA,NA,NA,Rye and Cranberry Rolls,Pesto Pinwheel,6,IN
Richard,5,4,bakes,NA,NA,NA,Black Forest Chocolate Fondants,Tiramisu Baked Alaska,5,STAR BAKER
Richard,5,5,bakes,NA,NA,NA,Fig and Orange Tart,Three Course Autumn Pie Feast,7,IN
Richard,5,6,bakes,NA,NA,NA,Fruity Guglhupf with an Orange Glaze,Sugar Forest Dobos Torte,5,IN
Richard,5,7,bakes,NA,NA,NA,Minted Lamb Pasties,"Stair of Éclairs
(Lavender and Blueberry & Rose and Raspberry Éclairs)",1,STAR BAKER
Richard,5,8,bakes,NA,NA,NA,Fruit Swedish Tea Ring,Rhubarb and Custard and Toffee Apple Doughnuts,4,STAR BAKER
Richard,5,9,bakes,NA,NA,NA,Rose and Pistachio BaklavaWalnut and Almond Baklava,Hazelnut Mocha EntremetsPink Grapefruit Entremets,2,STAR BAKER
Richard,5,10,bakes,NA,NA,NA,Pear Pain au ChocolatPain Au Lait,Mill on the Hill,3,Runner-up
Richard,5,NA,bakers,38,Builder,"Mill Hill, London",NA,NA,NA,NA
Robert,2,1,bakes,NA,NA,NA,Blackberry and Vanilla Cupcakeswith Liquorice Frosting,Genoise Layered Mousse Cakewith Chocolate Ganache,3,IN
Robert,2,2,bakes,NA,NA,NA,Smoked Bacon and Kale Quiche,"Chocolate, Fennel and Ginger TartAlmond, Creme Patissiere and Poached Pear Tart",5,IN
Robert,2,3,bakes,NA,NA,NA,Rye and Coriander Seed Loaf,Blueberry Brioche RollsLemon and Poppy Seed Rolls,4,IN
Robert,2,4,bakes,NA,NA,NA,Chocolate and Ginger Oat Biscuits,Strawberry and Lime MacaronsLemon MacaronsChocolate and Cardamom Macarons,7,IN
Robert,2,5,bakes,NA,NA,NA,Chicken and Mushroom Pie,Rhubarb and Custard Meringue Pie,3,OUT
Robert,2,6,NA,NA,NA,NA,NA,NA,NA,NA
Robert,2,7,NA,NA,NA,NA,NA,NA,NA,NA
Robert,2,8,NA,NA,NA,NA,NA,NA,NA,NA
Robert,2,NA,bakers,25,Photographer,London,NA,NA,NA,NA
Robert,4,1,bakes,NA,NA,NA,Pecan and Apple Cake,Raspberry Chocolate Cake,1,STAR BAKER
Robert,4,2,bakes,NA,NA,NA,Twisty Rye Bread Sticks,Tribute Loaf,5,IN
Robert,4,3,bakes,NA,NA,NA,Rhubarb and Orange Trifle,Almond FriandsTurǫn Macaroons,2,IN
Robert,4,4,bakes,NA,NA,NA,Apple and Pear Pie with Thyme,Spanakopita with St George's Mushrooms,3,IN
Robert,4,5,bakes,NA,NA,NA,Blueberry & Orange Traybake,Dalek,4,OUT
Robert,4,6,NA,NA,NA,NA,NA,NA,NA,NA
Robert,4,7,NA,NA,NA,NA,NA,NA,NA,NA
Robert,4,8,NA,NA,NA,NA,NA,NA,NA,NA
Robert,4,9,NA,NA,NA,NA,NA,NA,NA,NA
Robert,4,10,NA,NA,NA,NA,NA,NA,NA,NA
Robert,4,NA,bakers,54,Space Satellite Designer,"Melbourn, Cambridgeshire",NA,NA,NA,NA
Rosie,10,1,NA,NA,NA,NA,NA,NA,2,IN
Rosie,10,2,NA,NA,NA,NA,NA,NA,5,IN
Rosie,10,3,NA,NA,NA,NA,NA,NA,9,IN
Rosie,10,4,NA,NA,NA,NA,NA,NA,4,IN
Rosie,10,5,NA,NA,NA,NA,NA,NA,5,IN
Rosie,10,6,NA,NA,NA,NA,NA,NA,5,IN
Rosie,10,7,NA,NA,NA,NA,NA,NA,1,IN
Rosie,10,8,NA,NA,NA,NA,NA,NA,2,IN
Rosie,10,9,NA,NA,NA,NA,NA,NA,1,OUT
Rosie,10,10,NA,NA,NA,NA,NA,NA,NA,NA
Rosie,10,NA,bakers,28,Veterinary surgeon,Somerset,NA,NA,NA,NA
Ruby,4,1,bakes,NA,NA,NA,Rhubarb and Custard Sandwich Cake,Chocolate and Ginger Night Sky Cake,12,IN
Ruby,4,2,bakes,NA,NA,NA,Mexican Breadsticks,White Chocolate and Orange Peacock Bread,3,STAR BAKER
Ruby,4,3,bakes,NA,NA,NA,Desert Island Trifle,Lemon Shortbread and White Chocolate SeashellsBlackberry and Chocolate Layer Cakes,3,IN
Ruby,4,4,bakes,NA,NA,NA,Apple and Marzipan Pie,"Rose, Almond and Raspberry Filo Pie",6,IN
Ruby,4,5,bakes,NA,NA,NA,Blackberry and Lemon Bakewell Slice,'Dropped Ice-Cream' Biscuit Centrepiece,6,IN
Ruby,4,6,bakes,NA,NA,NA,Citrus Tea Loaf,Twisted Swedish KanelbullarSaffron St. Lucia Buns,1,STAR BAKER
Ruby,4,7,bakes,NA,NA,NA,Plum Jam Roly-Polywith Ginger Ice cream,Raspberry and Passion Fruit Mille-feuilleCaramelised Apple LatticePortuguese Custard Tarts,2,IN
Ruby,4,8,bakes,NA,NA,NA,Mango and Nigella Seed Spelt Cob,Carrot Cake and Pistachio Garden Plot,1,STAR BAKER
Ruby,4,9,bakes,NA,NA,NA,"Beetroot Jelly on Poppy Seed BiscuitsSpinach, Parmesan and Egg TartletsChoux Buns with Goat's Cheese and Caramelised Onions","Chocolate, Almond Praline and Saffron Opera Cake",4,IN
Ruby,4,10,bakes,NA,NA,NA,Picnic Basket Pie,"Raspberry, Lemon and Passion Fruit Wedding Cake",2,Runner-up
Ruby,4,NA,bakers,20,History of Art and Philosophy Student,"Southend, Essex",NA,NA,NA,NA
Ruby,9,1,NA,NA,NA,NA,NA,NA,1,IN
Ruby,9,2,NA,NA,NA,NA,NA,NA,10,IN
Ruby,9,3,NA,NA,NA,NA,NA,NA,7,IN
Ruby,9,4,NA,NA,NA,NA,NA,NA,2,IN
Ruby,9,5,NA,NA,NA,NA,NA,NA,1,IN
Ruby,9,6,NA,NA,NA,NA,NA,NA,7,IN
Ruby,9,7,NA,NA,NA,NA,NA,NA,3,IN
Ruby,9,8,NA,NA,NA,NA,NA,NA,3,STAR BAKER
Ruby,9,9,NA,NA,NA,NA,NA,NA,1,STAR BAKER
Ruby,9,10,NA,NA,NA,NA,NA,NA,3,Runner-up
Ruby,9,NA,bakers,29,Project manager,London,NA,NA,NA,NA
Ruth,1,1,bakes,NA,NA,NA,Three Tiered Lemon Drizzle Cakewith Fresh Cream and freshly made Lemon Curd,Classic Chocolate Sponge wrapped in a Chocolate Collartopped with Handmade White and Dark Chocolate Truffles,NA,IN
Ruth,1,2,bakes,NA,NA,NA,Peanut Shortbread withSalted Peanut Caramel,Almond Macaron with Violet ButtercreamRaspberries and Cream Eclairs,5,IN
Ruth,1,3,bakes,NA,NA,NA,Maple and Pecan Bread,"Chocolate and Orange Panettone
Cranberry Bagels",2,IN
Ruth,1,4,bakes,NA,NA,NA,Peach and Blueberry Boy Bait,"Apple & Ginger Crumble, Rhubarb Suet Crust, Cherry Queen of Puddings",4,IN
Ruth,1,5,bakes,NA,NA,NA,Minced Beef Pie,"Raspberry and Dark Chocolate Tart  Creme Patisserie and Cherry Tart  Citrus Curd Tart with Creme Brulee top  Tomato, Asparagus Twirl Canapés",3,IN
Ruth,1,6,bakes,NA,NA,NA,"Mint, Ginger and Blackberry Cake",NA,NA,Runner-up
Ruth,1,NA,bakers,31,Retail manager/Housewife,"Poynton, Cheshire",NA,NA,NA,NA
Ryan,3,1,bakes,NA,NA,NA,Kumquat and Orange Polenta,Hidden Flowerbed Mousse Cake,8,IN
Ryan,3,2,bakes,NA,NA,NA,Shanghai Spring Onion FlatbreadsGarlic and Coriander Naan,"Cinnamon and Date Bagels
Tarragon and Rosemary Bagels",5,IN
Ryan,3,3,bakes,NA,NA,NA,Spiced Pear Tarte Tatin,UNKNOWN,5,IN
Ryan,3,4,bakes,NA,NA,NA,Green Tea Opera Torte,"Strawberry, Rose and Pistachio Meringue",7,IN
Ryan,3,5,bakes,NA,NA,NA,Curry Spiced Seabass Wellington,Key Lime Pie,8,STAR BAKER
Ryan,3,6,bakes,NA,NA,NA,Chocolate FondantsSticky Ginger and Date Puddings,"Apple, Sour Cherry, Raisin and Mixed Nuts Strudel",6,IN
Ryan,3,7,bakes,NA,NA,NA,Lardy Cakes,Char Siu Bao,6,OUT
Ryan,3,8,NA,NA,NA,NA,NA,NA,NA,NA
Ryan,3,9,NA,NA,NA,NA,NA,NA,NA,NA
Ryan,3,10,NA,NA,NA,NA,NA,NA,NA,NA
Ryan,3,NA,bakers,38,Photographer,Bristol,NA,NA,NA,NA
Sandy,6,1,bakes,NA,NA,NA,Madeira Cake with Almond Liqueur and Chopped Apricots,Black Forest Gâteau,9,IN
Sandy,6,2,bakes,NA,NA,NA,Chocolate Chunk and Hazelnut Biscotti,Sundried Tomato Cheese Biscuit Box,4,IN
Sandy,6,3,bakes,NA,NA,NA,Soda Breads with Smoked Bacon and Onion,Basket of Bread Flowers with a Walnut and Blue Cheese Centre,7,IN
Sandy,6,4,bakes,NA,NA,NA,Pontefract Crème Brûlées,"Cassata, Whisky and Orange & Apple Pie Cheesecakes",6,OUT
Sandy,6,5,NA,NA,NA,NA,NA,NA,NA,NA
Sandy,6,6,NA,NA,NA,NA,NA,NA,NA,NA
Sandy,6,7,NA,NA,NA,NA,NA,NA,NA,NA
Sandy,6,8,NA,NA,NA,NA,NA,NA,NA,NA
Sandy,6,9,NA,NA,NA,NA,NA,NA,NA,NA
Sandy,6,10,NA,NA,NA,NA,NA,NA,NA,NA
Sandy,6,NA,bakers,49,Child welfare officer,"Yeadon, West Yorkshire",NA,NA,NA,NA
Sarah-Jane,3,1,bakes,NA,NA,NA,"Pear, Chocolate and Hazelnut",Hidden Crown Cake,1,IN
Sarah-Jane,3,2,bakes,NA,NA,NA,Toasted Coconut and Lime RotisOatcakes,UNKNOWN,10,IN
Sarah-Jane,3,3,bakes,NA,NA,NA,Caramelised Banana Tarte Tatin,French Apple Tart with Blackberry and Cassis Jam,8,IN
Sarah-Jane,3,4,bakes,NA,NA,NA,Chocolate and Almond Truffle Torte,Hazelnut Tiramisu Layered Meringue,4,IN
Sarah-Jane,3,5,bakes,NA,NA,NA,Beef Wellington with Parma Ham and Gorgonzola Cheese,Chocolate and Banana Cream Pie,4,IN
Sarah-Jane,3,6,bakes,NA,NA,NA,Sticky Toffee PuddingsGranny's Saucy Lemon Puddings,Sweet Strudel with Sour Cherries,4,IN
Sarah-Jane,3,7,bakes,NA,NA,NA,"Orange, Nutmeg and Saffron Buns",Sour Cherry and Dark Chocolate Christmas Plait,7,OUT
Sarah-Jane,3,8,NA,NA,NA,NA,NA,NA,NA,NA
Sarah-Jane,3,9,NA,NA,NA,NA,NA,NA,NA,NA
Sarah-Jane,3,10,NA,NA,NA,NA,NA,NA,NA,NA
Sarah-Jane,3,NA,bakers,28,Vicar's wife,"Bewbush, West Sussex",NA,NA,NA,NA
Selasi,7,1,bakes,NA,NA,NA,Citrus and Spice Drizzle Cake,"Raspberry, Sloe and White Chocolate Mirror Glaze Cake",1,IN
Selasi,7,2,bakes,NA,NA,NA,"""Wheelie Hot Iced Biscuits""",Stained Glass Window Gingerbread Church,11,IN
Selasi,7,3,bakes,NA,NA,NA,"Chocolate, Orange and Cinnamon Bread",Bedouin Escape Tear and Share Bread,5,IN
Selasi,7,4,bakes,NA,NA,NA,Perfect Sunday Roast Accompaniment,Lemon and Anise Churros,8,IN
Selasi,7,5,bakes,NA,NA,NA,"Rhubarb, Mango and Ginger Plait, and Pineapple and Coconut Pinwheels","Parma Ham, Asparagus and Cheese Filo Cigars and Coffee Cream Filo Cups",3,IN
Selasi,7,6,bakes,NA,NA,NA,"Grapefruit, Orange and Mint Meringue Pie",Three Tiered Ombré Floral Cake,7,IN
Selasi,7,7,bakes,NA,NA,NA,Summer Picnic Roulade,"Lemon, Strawberry and Passionfruit and Chocolate and Mint Mini Mousse Cakes",6,IN
Selasi,7,8,bakes,NA,NA,NA,Bouquet of Flowers,Fruity Tudor Marchpane,3,IN
Selasi,7,9,bakes,NA,NA,NA,"Sundried Tomato, Onion, Peppers and Parmesan Palmiers and Salmon, Spinach and Mushroom Palmiers",Lime and Ginger Fondant Fancies and Pink Velvet and Raspberry Prosecco Fondant Fancies,4,OUT
Selasi,7,10,NA,NA,NA,NA,NA,NA,NA,NA
Selasi,7,NA,bakers,30,Client service associate,London,NA,NA,NA,NA
Simon,2,1,bakes,NA,NA,NA,Guinness and Chocolate Cupcakes,Two-Tiered Chocolate Courgette Cake,9,IN
Simon,2,2,bakes,NA,NA,NA,Smoked Haddock and Watercress Quiche,"Passion Fruit and Ricotta TartsSalted Chocolate, Stem Ginger and Mascarpone Cream Tarts",11,OUT
Simon,2,3,NA,NA,NA,NA,NA,NA,NA,NA
Simon,2,4,NA,NA,NA,NA,NA,NA,NA,NA
Simon,2,5,NA,NA,NA,NA,NA,NA,NA,NA
Simon,2,6,NA,NA,NA,NA,NA,NA,NA,NA
Simon,2,7,NA,NA,NA,NA,NA,NA,NA,NA
Simon,2,8,NA,NA,NA,NA,NA,NA,NA,NA
Simon,2,NA,bakers,31,Rugby Coach,Norfolk,NA,NA,NA,NA
Sophie,8,1,bakes,NA,NA,NA,Pineapple and Coconut Sandwich Cake,'Champagne Bottle and Bucket' Cake,5,IN
Sophie,8,2,bakes,NA,NA,NA,Lemon Limoncino Sandwich Biscuits,'Snakes and Ladders' Game,2,IN
Sophie,8,3,bakes,NA,NA,NA,Tagine Teacakes,'Picnic Basket' Bread Sculpture,6,IN
Sophie,8,4,bakes,NA,NA,NA,Jaffa Millionaire Shortbreads,Bird's Nest Caramel Cake,4,IN
Sophie,8,5,bakes,NA,NA,NA,"Ginger, Fig and Honey Steamed School Pudding","Raspberry, Yuzu & White Chocolate Bûche Trifle Terrine",1,STAR BAKER
Sophie,8,6,bakes,NA,NA,NA,'The Four Seasons' Decorative Pies,Game Pie with Glazed Forest Fruits,2,IN
Sophie,8,7,bakes,NA,NA,NA,'Classics with a Twist' Cannoli,'Classics' Sfogliatelle,3,IN
Sophie,8,8,bakes,NA,NA,NA,Char Siu & Banana Praline Bedfordshire Clangers,Citrus with Green Apple Croquembouche Savoy Cake,4,IN
Sophie,8,9,bakes,NA,NA,NA,Strawberry & Rhubarb and Chestnut & Vanilla Choux Buns,'Tutu with Opera Filling' Meringue Centrepiece,1,STAR BAKER
Sophie,8,10,bakes,NA,NA,NA,"Spelt Boules, Mushroom Ciabatta and Orange Plaited Brioche",'Ode to the Honey Bee' Entremet,2,WINNER
Sophie,8,NA,bakers,33,Former army officer and trainee stuntwoman,"West Molesey, Surrey",NA,NA,NA,NA
Stacey,8,1,bakes,NA,NA,NA,Granny Smith Apple and Walnut Cake,'Black Evening Clutch Bag' Cake,11,IN
Stacey,8,2,bakes,NA,NA,NA,Sparkly Chocolate and Marshmallow Fluff Cookies,'Get to School' Game,9,IN
Stacey,8,3,bakes,NA,NA,NA,Cranberry and Cinnamon Teacakes,'Ascot Hat' Bread Sculpture,1,IN
Stacey,8,4,bakes,NA,NA,NA,Rum Salted Caramel Millionaire Shortbreads,Chocolate and Coffee Caramel Cake,1,IN
Stacey,8,5,bakes,NA,NA,NA,Bakewell Tart Steamed School Pudding,Tropical Trifle Terrine,4,IN
Stacey,8,6,bakes,NA,NA,NA,'Love Theme' Decorative Pies,Indian Hand Raised Pie with Mango,6,IN
Stacey,8,7,bakes,NA,NA,NA,My All Time Favourite Desserts,Pastry Surprise,4,IN
Stacey,8,8,bakes,NA,NA,NA,Camembert & Onion and Apple & Blueberry Bedfordshire Clangers,'Bright' Lemon & Orange Savoy Cake,3,STAR BAKER
Stacey,8,9,bakes,NA,NA,NA,'Choux-nicorn and Choux-moji' Choux Buns,'Flamingos in Love' Meringue Centrepiece,2,OUT
Stacey,8,10,NA,NA,NA,NA,NA,NA,NA,NA
Stacey,8,NA,bakers,42,Former school teacher,"Radlett, Hertfordshire",NA,NA,NA,NA
Steph,10,1,NA,NA,NA,NA,NA,NA,3,IN
Steph,10,2,NA,NA,NA,NA,NA,NA,10,IN
Steph,10,3,NA,NA,NA,NA,NA,NA,3,IN
Steph,10,4,NA,NA,NA,NA,NA,NA,1,STAR BAKER
Steph,10,5,NA,NA,NA,NA,NA,NA,4,STAR BAKER
Steph,10,6,NA,NA,NA,NA,NA,NA,3,STAR BAKER
Steph,10,7,NA,NA,NA,NA,NA,NA,4,IN
Steph,10,8,NA,NA,NA,NA,NA,NA,4,STAR BAKER
Steph,10,9,NA,NA,NA,NA,NA,NA,3,IN
Steph,10,10,NA,NA,NA,NA,NA,NA,3,Runner-up
Steph,10,NA,bakers,28,Shop assistant,Chester,NA,NA,NA,NA
Steven,8,1,bakes,NA,NA,NA,Bonfire Night Cake,'A Baker's Lunch' Cake,6,STAR BAKER
Steven,8,2,bakes,NA,NA,NA,Amarpressi Biscuits,'Check Bake' Game,6,STAR BAKER
Steven,8,3,bakes,NA,NA,NA,Madras Cocktail Teacakes,'The Bag I Knead' Bread Sculpture,3,IN
Steven,8,4,bakes,NA,NA,NA,Orange Macadamia Nut Millionaire Shortbreads,Caramel Crown Cake,7,IN
Steven,8,5,bakes,NA,NA,NA,Lemon & Blackcurrant Drizzle Steamed School Pudding,'From Across the Jelly Pond' Trifle Terrine,5,IN
Steven,8,6,bakes,NA,NA,NA,'Fleetwood Mac' Decorative Pies,Christmas Pie,3,IN
Steven,8,7,bakes,NA,NA,NA,Italian Style Cannoli,'Sicilian-style' Sfogliatelle,1,STAR BAKER
Steven,8,8,bakes,NA,NA,NA,'Mediterranean Medley' Bedfordshire Clangers,Chestnut Rum Savoy Cake,1,IN
Steven,8,9,bakes,NA,NA,NA,Key Lime Cheesecake and Bakewell Tart Choux Buns,'Some Air Over the Rainbow' Meringue Centrepiece,3,IN
Steven,8,10,bakes,NA,NA,NA,"Spelt & Rye, Toasted Garlic & Fontina and Sweet Chocolate Breads",'Yin Yang' Entremet,1,Runner-up
Steven,8,NA,bakers,34,Marketer,"Watford, Hertfordshire",NA,NA,NA,NA
Stu,6,1,bakes,NA,NA,NA,Marley Madeira Cake,Purple Forest Gâteau,11,OUT
Stu,6,2,NA,NA,NA,NA,NA,NA,NA,NA
Stu,6,3,NA,NA,NA,NA,NA,NA,NA,NA
Stu,6,4,NA,NA,NA,NA,NA,NA,NA,NA
Stu,6,5,NA,NA,NA,NA,NA,NA,NA,NA
Stu,6,6,NA,NA,NA,NA,NA,NA,NA,NA
Stu,6,7,NA,NA,NA,NA,NA,NA,NA,NA
Stu,6,8,NA,NA,NA,NA,NA,NA,NA,NA
Stu,6,9,NA,NA,NA,NA,NA,NA,NA,NA
Stu,6,10,NA,NA,NA,NA,NA,NA,NA,NA
Stu,6,NA,bakers,35,Professional musician,"Guildford, Surrey",NA,NA,NA,NA
Stuart,3,1,bakes,NA,NA,NA,Tomato and Ginger,Lemon and Pistachio Union Flag Cake,9,IN
Stuart,3,2,bakes,NA,NA,NA,Bombay BreadChorizo and Spring Onion Naan,"Cinnamon and Cranberry Bagels
Tomato and Thyme Bagels",9,IN
Stuart,3,3,bakes,NA,NA,NA,Pear and Almond Tarte Tatin,Raspberry Triple Chocolate Layered Tart,7,IN
Stuart,3,4,bakes,NA,NA,NA,Black Forest Torte,Choca Blocka Mocha Meringue,8,OUT
Stuart,3,5,NA,NA,NA,NA,NA,NA,NA,NA
Stuart,3,6,NA,NA,NA,NA,NA,NA,NA,NA
Stuart,3,7,NA,NA,NA,NA,NA,NA,NA,NA
Stuart,3,8,NA,NA,NA,NA,NA,NA,NA,NA
Stuart,3,9,NA,NA,NA,NA,NA,NA,NA,NA
Stuart,3,10,NA,NA,NA,NA,NA,NA,NA,NA
Stuart,3,NA,bakers,26,PE teacher,"Lichfield, Staffordshire",NA,NA,NA,NA
Tamal,6,1,bakes,NA,NA,NA,Pistachio and Rose Madeira Cake,Black Forest Gâteau in a Chocolate Shell,4,IN
Tamal,6,2,bakes,NA,NA,NA,"Cinnamon, Maple and Cranberry Biscotti",Chessboard Box,8,IN
Tamal,6,3,bakes,NA,NA,NA,"Fig, Cheese and Walnut Breads",Breadcycle,3,IN
Tamal,6,4,bakes,NA,NA,NA,Rhubarb and Ginger Crème Brûlées,"Mango, Hazelnut and Rosemary Cheesecake Trio",5,IN
Tamal,6,5,bakes,NA,NA,NA,Honey and Grapefruit Polenta Cake,Passion Fruit and Pineapple Ice Cream Roll,7,IN
Tamal,6,6,bakes,NA,NA,NA,Spiced Pear Frangipane Tart,Fennel and Rosemary Pulled Pork and Chicken and Coriander vol-au-vents,7,IN
Tamal,6,7,bakes,NA,NA,NA,Middle Eastern Game Pie,"Spiced Blackberry, Raspberry and Cardamom Charlotte Russe",3,STAR BAKER
Tamal,6,8,bakes,NA,NA,NA,Lime & Mascarpone and Malt Cream Horns,Passionfruit & Mango and Pistachio & Raspberry Religieuse à l'ancienne,4,IN
Tamal,6,9,bakes,NA,NA,NA,Chocolate New York Pie,Chocolate Bell Tower,2,IN
Tamal,6,10,bakes,NA,NA,NA,Cinnamon and Apple & Toffee and Marmalade Iced Buns,Sticky Toffee Pudding Cake,3,Runner-up
Tamal,6,NA,bakers,29,Trainee anaesthetist,Manchester,NA,NA,NA,NA
Terry,9,1,NA,NA,NA,NA,NA,NA,9,IN
Terry,9,2,NA,NA,NA,NA,NA,NA,8,IN
Terry,9,3,NA,NA,NA,NA,NA,NA,1,IN
Terry,9,4,NA,NA,NA,NA,NA,NA,NA,[a]
Terry,9,5,NA,NA,NA,NA,NA,NA,8,OUT
Terry,9,6,NA,NA,NA,NA,NA,NA,NA,NA
Terry,9,7,NA,NA,NA,NA,NA,NA,NA,NA
Terry,9,8,NA,NA,NA,NA,NA,NA,NA,NA
Terry,9,9,NA,NA,NA,NA,NA,NA,NA,NA
Terry,9,10,NA,NA,NA,NA,NA,NA,NA,NA
Terry,9,NA,bakers,56,Retired air steward,West Midlands,NA,NA,NA,NA
Toby,4,1,bakes,NA,NA,NA,Spiced and Iced Carrot Cake,Two Tiered Chocolate Cake,13,OUT
Toby,4,2,NA,NA,NA,NA,NA,NA,NA,NA
Toby,4,3,NA,NA,NA,NA,NA,NA,NA,NA
Toby,4,4,NA,NA,NA,NA,NA,NA,NA,NA
Toby,4,5,NA,NA,NA,NA,NA,NA,NA,NA
Toby,4,6,NA,NA,NA,NA,NA,NA,NA,NA
Toby,4,7,NA,NA,NA,NA,NA,NA,NA,NA
Toby,4,8,NA,NA,NA,NA,NA,NA,NA,NA
Toby,4,9,NA,NA,NA,NA,NA,NA,NA,NA
Toby,4,10,NA,NA,NA,NA,NA,NA,NA,NA
Toby,4,NA,bakers,30,Web Programmer,"Reading, Berkshire",NA,NA,NA,NA
Tom,7,1,bakes,NA,NA,NA,G&T Drizzle Cake,Black Forest Broken Mirror,2,IN
Tom,7,2,bakes,NA,NA,NA,Chai Frappelatteccino Biscuits,Tom and Pod's Near Death Experience,7,IN
Tom,7,3,bakes,NA,NA,NA,Chocolate Orange and Chilli Swirl Bread,Jörmungandr and Mjölnir,4,STAR BAKER
Tom,7,4,bakes,NA,NA,NA,West Yorkshire Fusion Puddings,Fennel Churros Snake In The Grass,5,IN
Tom,7,5,bakes,NA,NA,NA,Mega Breakfast Bonanzas; Granola Spirals and Wheat Foldovers,Yin and Yang Amuse-bouche,4,IN
Tom,7,6,bakes,NA,NA,NA,Blood Orange Halloween Pumpkin Pie,Floral Tea Cake,1,STAR BAKER
Tom,7,7,bakes,NA,NA,NA,Millionaire's Roulade,Hipster Picnic,5,OUT
Tom,7,8,NA,NA,NA,NA,NA,NA,NA,NA
Tom,7,9,NA,NA,NA,NA,NA,NA,NA,NA
Tom,7,10,NA,NA,NA,NA,NA,NA,NA,NA
Tom,7,NA,bakers,26,Project engagement manager,Rochdale,NA,NA,NA,NA
Tom,8,1,bakes,NA,NA,NA,Gilded Pear and Cardamom Cake,'Stack of Books' Cake,7,IN
Tom,8,2,bakes,NA,NA,NA,Coffee and Amaretto Kisses,'Drain Pipes and Ladders' Game,5,IN
Tom,8,3,bakes,NA,NA,NA,Orange and Cranberry Teacakes,'Pink & Yellow Rose Centrepiece' Bread Sculpture,4,IN
Tom,8,4,bakes,NA,NA,NA,Stem Ginger Caramel Shortbreads,Hummingbird Cake,5,OUT
Tom,8,5,NA,NA,NA,NA,NA,NA,NA,NA
Tom,8,6,NA,NA,NA,NA,NA,NA,NA,NA
Tom,8,7,NA,NA,NA,NA,NA,NA,NA,NA
Tom,8,8,NA,NA,NA,NA,NA,NA,NA,NA
Tom,8,9,NA,NA,NA,NA,NA,NA,NA,NA
Tom,8,10,NA,NA,NA,NA,NA,NA,NA,NA
Tom,8,NA,bakers,29,Architect,Edinburgh,NA,NA,NA,NA
Ugnė,6,1,bakes,NA,NA,NA,Lemon and Thyme Madeira Cake,Falling Cup Gâteau,1,IN
Ugnė,6,2,bakes,NA,NA,NA,White Wine Biscotti,Baby Climbing into the Cookie Box,7,IN
Ugnė,6,3,bakes,NA,NA,NA,Chocolate Quick Breads with Salted Caramel Sauce,Easter Basket,5,IN
Ugnė,6,4,bakes,NA,NA,NA,Marula Fruit and Coffee Liqueur Crème Brûlées,"Lime, Coconut and Hazelnut Cheesecakes",2,IN
Ugnė,6,5,bakes,NA,NA,NA,Chocolate and Hazelnut Sugar-Free Cake,"Chocolate, Peanut Butter and Grape Jam Roll",6,OUT
Ugnė,6,6,NA,NA,NA,NA,NA,NA,NA,NA
Ugnė,6,7,NA,NA,NA,NA,NA,NA,NA,NA
Ugnė,6,8,NA,NA,NA,NA,NA,NA,NA,NA
Ugnė,6,9,NA,NA,NA,NA,NA,NA,NA,NA
Ugnė,6,10,NA,NA,NA,NA,NA,NA,NA,NA
Ugnė,6,NA,bakers,32,PA and administrator,"Woodford, London / Vilkaviškis, Lithuania",NA,NA,NA,NA
Urvashi,2,1,bakes,NA,NA,NA,Cherry Blossom CupcakesJapanese Lime Cupcakes,UNKNOWN,7,IN
Urvashi,2,2,bakes,NA,NA,NA,"Crab, Coriander and Coconut Quiche",Strawberry and Basil TartsElderflower and Honeycomb Tarts,7,IN
Urvashi,2,3,bakes,NA,NA,NA,Salt and Peppercorn Loaf,Chilli and Halloumi RollsLemon and Coriander Mini Loaves,9,OUT
Urvashi,2,4,NA,NA,NA,NA,NA,NA,NA,NA
Urvashi,2,5,NA,NA,NA,NA,NA,NA,NA,NA
Urvashi,2,6,NA,NA,NA,NA,NA,NA,NA,NA
Urvashi,2,7,NA,NA,NA,NA,NA,NA,NA,NA
Urvashi,2,8,NA,NA,NA,NA,NA,NA,NA,NA
Urvashi,2,NA,bakers,40,Head of Marketing,"Enfield, London",NA,NA,NA,NA
Val,7,1,bakes,NA,NA,NA,Mum's Orange and Lemon Drizzle,Chocolate Sponge with Four Fruit Frosting,10,IN
Val,7,2,bakes,NA,NA,NA,Sunday Treat Iced Ice Cream Cone Biscuits,From Holland to New York via Yorkshire,5,IN
Val,7,3,bakes,NA,NA,NA,Double Chocolate Cinnamon Twist Loaf,"""And They All Went Into The Ark To Get Out Of The Rain""",1,IN
Val,7,4,bakes,NA,NA,NA,Mum's Chilli Yorkshire Puddings,Orange Chocolate Churros,6,IN
Val,7,5,bakes,NA,NA,NA,"Pecan and Maple Syrup Pinwheels and Apple, Sultana and Cinnamon Swirls","Caramelised Red Onion, Goats Cheese Tartlets and Mincemeat and Apple Spiced Parcels",7,OUT
Val,7,6,NA,NA,NA,NA,NA,NA,NA,NA
Val,7,7,NA,NA,NA,NA,NA,NA,NA,NA
Val,7,8,NA,NA,NA,NA,NA,NA,NA,NA
Val,7,9,NA,NA,NA,NA,NA,NA,NA,NA
Val,7,10,NA,NA,NA,NA,NA,NA,NA,NA
Val,7,NA,bakers,66,"Semi-retired, Substitute teacher",Yeovil,NA,NA,NA,NA
Victoria,3,1,bakes,NA,NA,NA,Pear and Pecan,Blackbird Pie Cake,4,STAR BAKER
Victoria,3,2,bakes,NA,NA,NA,Coriander and Lemon NaanGarlic and Parsnip Chapatis,"Saffron and Golden Raisin Bagels
Porcini Bagels",7,IN
Victoria,3,3,bakes,NA,NA,NA,"Fig, Walnut and Pink Peppercorn Tarte Tatin",Tropical Fruit Tart with Black Pepper Crust,4,OUT
Victoria,3,4,NA,NA,NA,NA,NA,NA,NA,NA
Victoria,3,5,NA,NA,NA,NA,NA,NA,NA,NA
Victoria,3,6,NA,NA,NA,NA,NA,NA,NA,NA
Victoria,3,7,NA,NA,NA,NA,NA,NA,NA,NA
Victoria,3,8,NA,NA,NA,NA,NA,NA,NA,NA
Victoria,3,9,NA,NA,NA,NA,NA,NA,NA,NA
Victoria,3,10,NA,NA,NA,NA,NA,NA,NA,NA
Victoria,3,NA,bakers,50,CEO of the charity Plantlife,Somerset,NA,NA,NA,NA
Yan,8,1,bakes,NA,NA,NA,Windfall Apple Crumble Cake,'Banana-ramen' Cake,4,IN
Yan,8,2,bakes,NA,NA,NA,'Mrs. Marian's PB 'n' B' Biscuits,'Adventures in Bakeland' Game,1,IN
Yan,8,3,bakes,NA,NA,NA,'Mrs P's' Masala Chai Spiced Teacakes,'Basil the Vegetarian Dragon with his Pumpkin Hoard' Bread Sculpture,8,IN
Yan,8,4,bakes,NA,NA,NA,'Lil' Red's Ginger and Nuts' Millionaire Shortbreads,Animals of the Rainforest Caramel Cake,8,IN
Yan,8,5,bakes,NA,NA,NA,Mango Fruit Hat Steamed School Pudding,'Heart of a Hero' Trifle Terrine,6,IN
Yan,8,6,bakes,NA,NA,NA,'πr2' Decorative Pies,Chequerboard Pie,1,IN
Yan,8,7,bakes,NA,NA,NA,Cannoli Cocktails,Canadian-Style Sfogliatelle,5,OUT
Yan,8,8,NA,NA,NA,NA,NA,NA,NA,NA
Yan,8,9,NA,NA,NA,NA,NA,NA,NA,NA
Yan,8,10,NA,NA,NA,NA,NA,NA,NA,NA
Yan,8,NA,bakers,46,Laboratory research scientist,North London,NA,NA,NA,NA
Yasmin,2,1,bakes,NA,NA,NA,Cardamom and Pomegranate Cupcakes,UNKNOWN,5,IN
Yasmin,2,2,bakes,NA,NA,NA,Smoked Haddock and Watercress Quiche,Chocolate and Orange with Cinnamon-Orange Pastry TartsBlueberry and Hazelnut with Hazelnut Pastry Tarts,6,IN
Yasmin,2,3,bakes,NA,NA,NA,Egyptian Dukkah Loaf with Mixed Spices,"Pesto Bread
Sweet Coconut Rolls",2,STAR BAKER
Yasmin,2,4,bakes,NA,NA,NA,Chocolate Chip and Pistachio Biscotti,Chocolate and Lime MacaronsCoffee and Walnut MacaronsPineapple and Coconut Macarons,6,IN
Yasmin,2,5,bakes,NA,NA,NA,Family Fish Pie,Peach and Raspberry Meringue Pie,5,IN
Yasmin,2,6,bakes,NA,NA,NA,Baked Amaretto Cheesecake,Rose Croquembouche,2,OUT
Yasmin,2,7,NA,NA,NA,NA,NA,NA,NA,NA
Yasmin,2,8,NA,NA,NA,NA,NA,NA,NA,NA
Yasmin,2,NA,bakers,43,Childminder,"West Kirby, The Wirral",NA,NA,NA,NA
